Sr.no.,1.Student Name,2.Grading Test 1 marks (1 to 25),3.Grading Test 2 marks (1 to 50),4.Expected marks in Grading Test 3 (1 to 50),5. Viva marks (1 to 30),6. Total Attendance (%) out of 100,7. Trainer Feedback
1,Anushka Pramod Patil,16,37,40,15,85,9
2,Yash Gupta,15,30,35,6,75,10
3,Dhanashri Mallikarjun Nashte ,15,30,50,20,90,10
4,Tanaya Nitin Patil,19,36,43,24,90,10
5,Pratiksha Nikam ,18,43,35,26,85,9
6,Mohammad Hussain Shaikh,17,32,40,18,75,10
7,Sandesh Pednekar ,19,46,42,25,95,10
8,Omkar Anantrao Waghmare,16,31,45,18,80,8
9,Aishwarya Gaikwad,19,38,40,15,90,10
10,Nishigandha Pawar,23,38,50,18,90,9
11,Santosh Ingavle,12,35,45,20,80,8
12,Ganesh Bhoi,13,30,35,15,80,8
13,Pratiksha Nikam,20,40,48,26,90,9
14,Pravin Kuyate,15,35,45,24,75,9
15,Jaydeep Shinde,12,32,40,16,85,7
16,Sarang Kale,13,42,48,19,90,8
17,Harshal Walke,10,19,35,14,70,8
18,Sagar Adiling,11,21,38,20,85,7
19,Gaurav Dimble,9,43,43,21,70,8
20,Sarthak Patil,11,22,38,14,80,9
21,Shubham Urmode,17,46,43,26,75,8
22,Rahil Shaikh,22,39,45,28,80,8
23,Asmita Kashid,12,17,30,21,60,7
24,Mayuri Patil,11,28,34,10,50,8
25,Dipti Patil,14,25,41,11,60,8
26,Varun Borade,22,47,50,27,90,10
27,Sandesh Pendnekar,16,46,48,27,87,9
28,Aakash Mali,20,44,45,29,90,10
29,Shaniya Carney,18,42,36,12,4,9
30,Rogelio Bridges,6,31,46,12,44,9
31,Philip Neal,17,3,34,29,10,9
32,Francis Weiss,23,17,32,2,93,6
33,Aiyana Lamb,22,24,17,27,18,9
34,Vicente Blair,25,16,5,1,66,3
35,Susan Barber,12,37,19,20,51,7
36,Maeve Randall,8,48,36,12,70,6
37,Kaylee Huerta,14,1,30,2,64,5
38,Ulises Jarvis,2,12,6,11,82,6
39,Jordyn Love,7,47,27,11,2,3
40,Steven Holden,14,6,41,17,87,3
41,Julius Mcgee,23,49,40,9,43,6
42,Cailyn Perez,23,29,26,6,39,7
43,Hailee Mckee,24,25,13,1,91,5
44,Antony Brady,10,6,16,6,49,2
45,Laci Blackburn,19,29,50,24,20,1
46,Meredith Chase,3,25,14,26,28,1
47,Landin Hopkins,8,49,1,14,43,3
48,Jeramiah Meadows,9,4,23,10,94,10
49,Marlon Castro,11,34,5,5,89,3
50,Brennan Warren,12,50,20,18,76,8
51,Collin Bauer,24,17,23,14,62,7
52,Hugh Gamble,15,49,20,4,80,3
53,Geovanni Vargas,8,2,37,30,47,7
54,Kara Brock,7,43,4,20,64,5
55,Natasha Lester,25,27,39,29,27,3
56,Braiden Gill,14,2,2,11,68,7
57,Nickolas Cohen,5,4,46,19,97,3
58,Raina Carson,12,49,18,11,51,2
59,Branson Joyce,8,16,36,14,71,1
60,Zariah Elliott,15,21,19,17,42,3
61,Salvatore Roberson,6,36,18,3,9,7
62,Eva Riddle,14,17,25,24,97,8
63,Katrina Simpson,6,10,47,13,26,6
64,Adonis Dickson,12,45,16,27,32,8
65,Kamren Weaver,14,20,29,23,98,2
66,Serenity Maddox,1,28,30,11,89,2
67,Jayvion Santiago,14,33,29,6,42,7
68,Billy Bauer,10,28,7,10,73,4
69,Aliyah Thompson,5,12,48,29,76,6
70,Elijah Coffey,8,28,16,17,14,9
71,Kristina Larson,4,33,3,6,64,8
72,Janelle Clay,6,16,6,13,50,2
73,Angela Ingram,4,7,36,9,4,3
74,Jaden Liu,11,34,15,1,5,4
75,Joslyn Curry,21,27,8,25,59,4
76,Max Potter,15,13,6,15,22,4
77,Gretchen Wall,12,15,39,1,20,7
78,Libby Rasmussen,16,4,46,4,46,1
79,Tobias Joseph,24,49,49,27,99,3
80,Jamison Mann,17,10,44,5,61,4
81,Reilly Merritt,19,45,44,16,40,2
82,Josh Faulkner,1,24,1,27,80,3
83,Kinley Graham,3,43,25,14,61,8
84,Myles Coffey,1,34,20,8,38,5
85,Halle Morales,11,48,14,1,25,5
86,Jasper Nash,16,32,15,17,62,7
87,Ava Bishop,10,32,26,30,68,4
88,Taylor Mack,16,6,29,24,82,7
89,Noe Lin,8,8,22,26,13,3
90,Alyson Benson,15,38,3,18,32,8
91,Cassie Mcdowell,5,49,28,8,71,3
92,Aylin Downs,15,1,4,22,71,8
93,Landyn Cisneros,24,16,15,26,61,8
94,Seth Marks,1,40,6,16,99,2
95,Matias Morse,9,6,7,22,11,2
96,Seth Bonilla,13,1,11,11,48,2
97,Jordyn Perkins,21,6,35,21,75,6
98,Mario Powers,18,23,5,21,93,5
99,Tyrese Flynn,9,47,24,8,38,6
100,Aarav Leon,22,35,32,2,42,8
101,Emily Joyce,6,43,20,9,86,2
102,Liberty Fox,2,21,42,30,42,9
103,Broderick Mercado,10,26,26,14,95,8
104,Elsa Herring,23,42,37,16,36,3
105,Nylah Saunders,3,33,48,21,10,5
106,Ibrahim Fuller,16,12,50,7,71,6
107,Brycen Oneill,8,47,24,18,23,7
108,Meghan Mccormick,1,33,36,28,19,8
109,Konner Shaw,11,26,16,11,72,2
110,Xander Ward,19,2,9,20,63,6
111,Arielle Peters,6,32,35,2,6,7
112,Giovanny Salas,6,22,6,18,24,2
113,Natalia Rose,25,24,18,28,9,8
114,Summer Gay,16,24,39,26,10,4
115,Wendy Chan,21,19,45,12,35,6
116,Alvaro Baird,20,31,21,3,48,8
117,Briley Dudley,1,24,24,15,27,1
118,Mason Fuller,1,46,21,26,78,8
119,Gunnar Douglas,10,19,42,4,53,3
120,Sage Miranda,23,42,17,15,2,1
121,Alexandria Thomas,11,39,45,24,15,5
122,Jamar Conner,20,42,40,4,75,7
123,Aidyn Patterson,24,47,20,6,97,4
124,Eli Farrell,7,44,25,25,40,1
125,Milo Mcintosh,7,20,37,27,77,1
126,Richard Kent,24,42,49,23,61,9
127,Isabela Reese,4,41,42,29,100,6
128,Barrett Hughes,5,6,30,7,86,3
129,Marley Mooney,9,45,18,22,34,4
130,Alaina Frye,8,2,28,18,5,9
131,Roderick Schmidt,17,50,21,22,60,2
132,Amani Clark,22,4,11,14,30,6
133,Gerardo Terrell,14,21,35,17,45,5
134,Mollie Holder,25,16,17,18,18,8
135,Dante Kaiser,20,5,20,17,61,5
136,Arjun Mcknight,19,33,21,3,15,7
137,Ryder Wilson,18,7,13,17,4,1
138,Semaj Ritter,7,31,48,10,41,7
139,Esteban Cunningham,1,25,1,17,34,8
140,Nico Garza,24,1,48,7,42,5
141,Jadyn Grimes,22,40,4,22,28,2
142,Muhammad Mcfarland,1,29,20,27,40,7
143,Jordan Knapp,8,1,39,6,44,9
144,Emery Bowen,12,30,16,27,5,5
145,Makhi Gonzales,2,27,1,22,13,2
146,Vanessa Cisneros,15,35,21,15,42,7
147,Trace Gardner,18,37,46,5,43,9
148,Jocelyn Brennan,6,2,17,2,91,9
149,Madalynn Strong,17,19,41,24,57,3
150,Priscilla Holloway,9,23,50,20,81,1
151,Preston Garza,22,15,1,4,78,10
152,Kaia Torres,16,32,28,28,94,2
153,Makenna Booker,12,17,14,5,19,5
154,Jakobe Bowers,23,15,11,26,35,2
155,Chace Acevedo,5,50,17,29,59,1
156,Karla Barnes,5,14,21,30,15,9
157,Abbey Elliott,13,7,23,16,29,5
158,Kaeden Lawson,22,36,44,20,74,1
159,Skylar Strong,4,15,13,19,83,5
160,Devon Jones,14,40,32,24,66,7
161,Natalia Simmons,7,4,44,26,63,6
162,Mathias Simon,17,5,50,4,2,5
163,Nolan Velez,3,27,2,30,48,1
164,Dale Curtis,5,15,49,15,16,3
165,Kael Livingston,14,47,4,7,8,7
166,Marquise Wallace,14,22,37,14,54,6
167,Reece Vance,15,24,37,27,15,6
168,Ayanna Morton,2,28,40,13,39,6
169,Ireland House,11,38,21,5,14,9
170,Nathen Velez,25,41,17,6,90,2
171,Meredith Stanley,9,46,48,23,26,6
172,Riley Robinson,18,9,9,24,91,5
173,Mckenzie Booth,24,6,18,17,17,6
174,Koen Spears,18,29,19,19,59,3
175,Adan Nolan,2,40,11,7,13,7
176,Fiona Thompson,22,37,27,7,14,9
177,Avery Erickson,21,14,49,26,16,8
178,Ariella Marks,3,30,25,13,10,8
179,Jeremy Vaughn,8,27,24,24,64,8
180,Hadassah Bradley,7,31,17,29,4,6
181,Sarah Hicks,8,24,19,7,6,1
182,Soren Luna,14,23,23,20,65,4
183,Jovanny Hayes,21,38,4,21,10,5
184,Raphael Morrison,5,16,8,1,8,10
185,Nayeli Reid,8,18,6,20,75,8
186,Stacy Knox,15,47,9,12,57,2
187,Melody Forbes,16,50,32,2,15,6
188,Madilynn Cobb,24,34,4,7,19,5
189,Ramiro Morse,7,31,15,7,11,3
190,Lane Petty,3,38,30,26,68,9
191,Wade Castro,9,9,43,5,2,4
192,Logan Terrell,5,39,16,29,34,10
193,Ronald Jordan,16,12,34,12,75,5
194,Jaida Bond,16,17,18,21,67,2
195,Jefferson Horne,13,12,7,30,34,9
196,Jamal Callahan,4,6,40,1,91,2
197,Craig Leonard,14,47,14,11,90,6
198,Ernesto Lam,23,18,31,18,37,6
199,Clinton Ellis,24,30,44,6,46,7
200,Isaias Black,12,11,4,23,31,6
201,Jensen Faulkner,11,3,26,19,5,5
202,Cassidy Roberts,14,21,36,27,92,10
203,Fatima Patton,10,42,45,11,64,6
204,Zoie Schaefer,25,19,32,27,46,1
205,Miriam Willis,13,11,23,16,63,8
206,Mariyah Lee,21,3,36,30,67,4
207,Kaya Carpenter,18,12,31,28,93,4
208,Gilbert Berger,18,43,18,2,61,5
209,Jaime Anthony,17,17,43,30,77,6
210,Haleigh Becker,6,28,8,23,20,9
211,Kenyon Scott,10,46,25,11,31,10
212,Sam Singleton,23,14,29,21,22,7
213,Gustavo Rosales,6,22,26,6,2,2
214,Warren Li,3,44,20,28,31,10
215,Aldo Young,2,4,18,7,32,8
216,Joy Lara,3,19,21,14,33,9
217,Christine Vang,21,20,47,7,99,2
218,Moriah Galloway,24,43,2,26,32,7
219,Fisher Baxter,3,3,3,15,21,9
220,Michelle Hickman,12,17,4,15,18,9
221,Tony Gardner,4,27,40,30,39,10
222,Taniya Solis,3,26,36,14,47,10
223,Vance Tanner,5,43,3,10,35,3
224,Cara Potts,13,48,3,22,69,10
225,Arnav Love,16,11,7,11,1,8
226,Anna Ferrell,12,16,20,25,14,5
227,Krish Webb,10,40,33,18,10,7
228,Joanna Logan,5,38,8,8,45,9
229,Quincy Landry,8,3,42,11,90,10
230,Jordyn Hanson,25,47,9,21,14,2
231,Amya Rush,13,7,47,18,93,8
232,Mikaela Olson,17,41,1,1,46,7
233,Xzavier Haas,18,41,29,25,59,9
234,Alice Dominguez,13,9,5,16,15,4
235,Ryann Avila,3,15,34,13,58,8
236,Brennan Ibarra,19,36,9,15,20,1
237,Fisher Landry,23,37,44,27,76,5
238,Nathanial Frey,17,37,11,25,31,8
239,Devon Andersen,14,22,8,10,18,5
240,Ernest Carlson,13,36,33,1,79,1
241,Rubi Fritz,4,2,43,30,16,10
242,Osvaldo Collins,4,34,34,19,62,3
243,Alonso Greer,2,3,31,13,31,10
244,Kamari Koch,14,13,4,17,27,4
245,Isaias Ayers,22,11,29,25,66,9
246,Nathanial Charles,20,18,31,12,52,9
247,Kolten Campos,12,27,28,4,18,5
248,Frederick Rivers,19,26,5,26,25,9
249,Maximilian Duran,2,16,11,17,68,10
250,Carlos Browning,25,8,12,10,22,8
251,Andrew Holland,16,25,33,2,15,4
252,Jesse Villarreal,2,1,4,25,57,6
253,Cohen Rodgers,6,9,9,20,44,7
254,Dana Singleton,21,30,44,23,92,2
255,Geovanni Noble,12,3,8,26,5,7
256,Eliza Gilmore,13,47,43,16,42,10
257,Emilio Fuentes,15,31,29,30,88,8
258,Finley Tapia,6,43,6,29,28,3
259,Giada Arnold,3,50,48,27,49,3
260,Dominick Valdez,2,25,28,24,37,8
261,Yasmine Robertson,19,8,5,10,61,2
262,Desmond Sellers,10,35,49,6,64,4
263,Santino Alvarado,5,6,47,25,63,3
264,Jerimiah Cunningham,17,3,2,19,22,9
265,Aliya Stephens,3,36,11,4,86,3
266,Madisyn Sparks,23,45,14,26,60,9
267,Taryn Dixon,20,50,5,3,76,7
268,Mary Craig,7,11,47,13,85,4
269,Amari Booker,3,42,38,9,89,10
270,Kristen Burnett,4,22,18,17,78,10
271,Caylee Rocha,6,6,41,8,61,4
272,Shyanne Hester,17,13,38,27,66,5
273,Marvin Yang,23,4,23,29,82,3
274,Jerry Booth,11,23,27,24,75,8
275,Adalynn Dunlap,11,32,15,18,49,8
276,Izaiah Summers,7,13,19,7,66,5
277,Yaritza Pham,15,41,32,14,82,6
278,Lance Schroeder,24,50,40,28,72,5
279,Kamari Fry,9,48,24,14,30,6
280,Aydan Walker,16,44,17,3,43,8
281,Colin Bentley,23,26,4,25,29,3
282,Alani Ayala,1,26,7,9,39,6
283,Lila Kennedy,6,16,3,9,53,6
284,Adrienne Murphy,16,31,2,15,91,8
285,Frida Mccann,17,43,44,15,77,7
286,Javier Summers,18,8,17,6,99,7
287,Maya Santana,23,23,12,26,50,4
288,Ari Casey,1,43,34,22,61,3
289,Elsie Gay,22,28,50,19,84,10
290,Natasha Lin,16,13,37,15,99,10
291,Precious Thornton,12,24,10,5,84,8
292,Jaslene Humphrey,2,6,11,17,92,8
293,Dominique Horton,4,33,2,12,65,3
294,Zachary Vaughan,9,23,1,8,4,2
295,Katelyn Hammond,21,50,11,21,6,4
296,Emilee Carney,25,12,11,26,30,6
297,Kianna Tyler,1,35,46,16,99,1
298,Ashlynn Herring,17,3,37,3,63,6
299,Scott Hendrix,7,39,14,17,92,3
300,Devan Hansen,2,36,32,5,46,9
301,Erin Faulkner,15,34,23,8,59,10
302,Carsen Leblanc,9,42,32,15,67,2
303,Chad Cervantes,16,8,24,14,85,8
304,Delaney Saunders,3,23,40,20,43,7
305,Kamora Conway,8,15,49,16,71,9
306,Amari Wheeler,8,28,42,22,68,5
307,Kailey Khan,15,21,27,16,14,10
308,Landyn Choi,25,31,27,27,61,9
309,Gauge Farley,8,22,24,17,33,4
310,Reese Macdonald,7,9,26,19,68,10
311,Jewel Castillo,1,38,24,18,97,3
312,Heath Greene,1,9,29,15,25,9
313,Kymani Clarke,20,22,46,19,79,8
314,Mateo Pacheco,1,25,29,7,77,4
315,Kinsley Douglas,9,35,10,3,61,5
316,Chris Cameron,21,27,47,12,34,4
317,Cale Owens,13,35,1,16,71,3
318,Mateo Blanchard,16,9,31,30,59,4
319,Darrell Mercer,23,15,20,10,11,10
320,Kara Gray,15,41,35,9,68,1
321,Daisy Klein,1,45,33,19,88,3
322,Brynlee Ferrell,1,47,20,1,22,10
323,Kelvin Stevenson,19,23,35,17,66,9
324,Maritza Bowen,10,28,8,11,93,9
325,Kayleigh Church,11,11,14,24,37,7
326,Armani Gregory,2,47,41,25,77,5
327,Russell Meadows,16,38,16,11,38,2
328,Mylie Frye,14,26,23,8,39,8
329,Cruz Stein,4,44,29,4,2,3
330,Clarence Bell,11,18,44,16,14,7
331,Sydnee Stanton,6,20,35,20,60,2
332,Miles Watkins,20,36,27,7,43,4
333,Tyree Ewing,14,48,27,15,54,7
334,Emilie Luna,4,33,46,20,67,6
335,Roy Zuniga,10,8,29,12,44,5
336,Felix Harrington,11,12,49,21,53,7
337,Madyson Waller,16,11,27,22,65,7
338,Melina Sexton,19,28,37,1,72,1
339,Nadia Dyer,24,36,42,12,65,8
340,Tristen Meza,8,17,46,19,64,4
341,Jamar Mccann,23,45,35,18,12,5
342,Troy Cain,11,11,14,27,54,2
343,Lane Richard,9,29,29,2,54,1
344,Jordan Hensley,17,20,47,30,88,9
345,Giovanny Stephens,19,28,40,7,44,7
346,Destiney Stanton,17,31,15,25,43,5
347,Royce Castro,9,23,18,13,81,1
348,Sage Durham,11,1,48,28,54,5
349,Aiyana Herrera,5,6,11,9,34,10
350,Maddox Myers,14,14,32,3,79,5
351,Mireya Foley,22,9,47,19,84,7
352,Cecelia Petersen,3,45,31,22,75,1
353,Cameron Moses,21,41,24,10,60,1
354,Jamison Sellers,23,7,11,11,32,4
355,Darrell Ramsey,7,3,20,29,55,6
356,Brady Acevedo,16,14,32,27,29,7
357,Liana Woodward,6,48,32,23,13,4
358,Henry Cruz,4,14,11,11,24,4
359,Rylan Reyes,7,10,20,2,11,9
360,Brent Wiggins,19,29,9,24,40,4
361,Jadiel Avery,24,11,34,16,86,1
362,Alyvia Pruitt,3,33,39,16,74,7
363,Grace Mathews,16,10,21,3,97,3
364,Cash Watts,19,44,35,22,18,3
365,Marlon Black,1,4,31,7,41,8
366,Tia Sherman,4,28,12,21,5,7
367,Pierre Ashley,3,39,36,27,98,6
368,Braeden Rhodes,23,45,48,16,1,3
369,Aarav Ibarra,8,15,17,19,59,1
370,Dangelo Moyer,2,44,18,21,42,4
371,Laney Beck,8,47,46,18,35,1
372,Celia Lucas,21,27,3,6,40,5
373,Kaia Schaefer,20,28,1,13,61,9
374,Junior Edwards,9,11,28,23,43,4
375,Willie Love,6,41,26,13,54,2
376,Semaj Contreras,13,38,41,22,43,10
377,Haylie Armstrong,6,37,5,17,83,5
378,Tia Park,13,9,33,14,2,9
379,Caiden Good,2,14,10,24,80,7
380,Luca Barron,21,17,38,11,40,7
381,Christian Yu,4,42,24,3,59,2
382,Brenna Rowland,9,37,32,28,93,4
383,Laci Meadows,9,35,5,1,54,3
384,Matilda Mayer,16,5,45,28,39,10
385,Ryan Barton,21,11,28,1,7,6
386,Giovanna Galloway,23,41,22,29,57,4
387,Bethany Hays,11,42,8,27,18,9
388,Aimee Hays,16,10,6,18,18,4
389,Mollie Tucker,18,34,35,10,39,2
390,Myles Mendoza,6,33,39,19,44,10
391,Wade Blackwell,16,43,2,26,62,4
392,Emerson Gordon,21,13,49,5,57,7
393,Keira Mcmahon,2,10,15,3,74,6
394,Micheal Kim,13,2,11,19,96,10
395,Leonardo Hester,2,45,47,30,39,4
396,Raiden Blackburn,1,19,30,9,17,3
397,Hazel Glover,21,3,44,9,81,6
398,Francis Patel,11,31,16,7,3,10
399,Liliana Mcpherson,20,14,31,5,60,1
400,Meghan Salazar,15,23,34,8,56,9
401,Elizabeth Hunter,12,9,8,11,35,6
402,Kaylin Strickland,15,24,15,20,21,1
403,Brayden Lamb,1,6,25,16,61,1
404,Rodrigo Molina,16,1,15,15,43,1
405,Clayton Reeves,2,19,49,16,22,4
406,Camryn Frye,24,23,13,12,29,3
407,Lewis Moss,5,44,4,15,5,8
408,Lorenzo Vasquez,9,1,33,15,98,1
409,Alexzander Sparks,12,29,32,16,3,10
410,Laci Stone,4,47,42,21,92,2
411,Denzel Burgess,15,38,28,11,24,7
412,Diamond Murphy,17,34,5,22,36,6
413,Jakayla Craig,5,49,37,18,90,6
414,Alyson Maxwell,5,18,46,12,73,3
415,Zachary Hill,12,39,33,11,93,7
416,Dawson Yoder,15,26,50,12,80,3
417,Talan York,3,24,29,22,80,1
418,Aurora Wiggins,13,37,9,25,29,9
419,Noah Huffman,9,35,2,23,15,5
420,Laila Mcdonald,13,25,18,9,89,10
421,Josephine Kidd,20,45,31,26,41,2
422,Sierra Erickson,25,30,32,9,60,8
423,Chelsea Mullins,19,18,15,9,43,9
424,Kash Maldonado,21,29,19,14,79,9
425,Jalen Stuart,17,39,19,30,70,7
426,Jennifer Holt,1,22,30,1,29,5
427,Leonardo Wade,18,38,13,22,97,7
428,Cael Hampton,15,13,47,27,65,3
429,Josue Clarke,12,40,38,1,84,10
430,Karla Gonzalez,8,50,29,15,31,2
431,Kai Dean,2,33,2,6,37,2
432,Easton Allison,8,43,42,25,83,6
433,Vaughn Preston,4,23,4,13,91,4
434,Tamia Moran,2,49,32,29,99,7
435,Reynaldo Chambers,17,15,19,25,78,7
436,Sarah Byrd,25,6,33,6,50,9
437,Danielle Hill,4,16,13,18,9,3
438,Zackery Ramirez,20,1,5,22,48,4
439,Martha Rice,17,7,15,28,57,5
440,Carolyn Ramsey,21,5,29,24,16,2
441,Kallie Mercer,2,31,48,10,17,5
442,Gillian Rush,2,4,39,24,52,8
443,Shaylee Cannon,16,45,9,23,52,5
444,Isiah Ashley,9,35,22,29,59,3
445,Coleman Ball,5,47,16,15,17,8
446,Jenny Bond,12,5,36,11,9,1
447,Tobias Rowe,10,16,39,28,31,1
448,Adrianna Campbell,11,32,28,23,93,1
449,Sterling Donaldson,19,24,8,24,28,7
450,Carson Deleon,4,35,43,1,53,5
451,Haven Dennis,19,35,26,28,42,1
452,Anika Berry,15,14,9,22,79,2
453,Jessie Townsend,13,36,48,6,74,8
454,Bentley Harris,21,7,8,5,89,6
455,Bridget Noble,22,40,28,7,12,6
456,Donavan Cunningham,20,44,14,8,20,10
457,Jeremiah Carey,24,12,44,11,91,6
458,Isabel Patton,20,13,27,17,49,7
459,Preston Zhang,7,41,3,3,94,9
460,Hayley Madden,15,34,31,4,5,8
461,Meredith Davidson,2,25,18,9,93,10
462,Angelique Hogan,24,18,9,22,98,8
463,Elisha Murray,22,32,49,10,90,7
464,Tyrone Silva,12,2,9,27,89,4
465,Jaquan Bender,11,50,13,21,24,6
466,Daisy Snow,13,18,21,13,43,4
467,Hailee Murillo,22,33,22,19,3,10
468,Addison Walker,16,32,23,5,20,7
469,Sherlyn Branch,11,45,2,16,14,8
470,Laney Espinoza,3,13,35,6,45,8
471,Ariel Nielsen,1,33,50,14,64,10
472,Pablo Leonard,9,24,23,1,19,7
473,Paxton Weeks,2,10,7,1,12,9
474,Tiana Bush,3,40,28,11,14,9
475,Lina Perez,24,38,48,16,45,1
476,Messiah Tucker,4,49,8,14,53,1
477,John Benson,3,11,49,10,46,6
478,Zariah Montoya,17,33,17,6,17,1
479,Bradley Rodriguez,11,11,48,17,91,3
480,Mollie Mayo,1,38,24,15,15,2
481,Brennen Hensley,5,16,30,2,3,6
482,Salma Gaines,19,45,32,24,78,7
483,Jaliyah Myers,10,43,39,26,45,6
484,Selena Dillon,3,47,33,14,45,3
485,Gaven Jensen,20,22,18,16,61,6
486,German Gonzales,6,34,21,21,95,3
487,Kaliyah Kaufman,24,14,31,13,88,7
488,Ellie Li,8,32,45,23,69,2
489,Kyla Chapman,14,26,41,23,45,8
490,Maddison Richmond,16,22,26,11,36,2
491,Branson Nielsen,17,11,25,25,39,6
492,Jonathan Harrell,25,32,40,24,17,3
493,Amanda Key,23,36,49,1,65,2
494,Alena Best,17,20,4,10,82,8
495,Maren Grimes,6,8,16,17,21,9
496,Eliana Meadows,3,22,14,1,26,9
497,Reginald Monroe,23,13,11,11,40,6
498,Gretchen Cole,17,19,17,18,100,5
499,Tia Baker,5,35,36,11,96,4
500,Jaylen Figueroa,15,38,27,16,74,4
501,Mohammad Donaldson,23,19,43,3,17,4
502,Aydin Raymond,13,27,45,3,82,5
503,Melody Hendrix,15,26,47,6,99,10
504,Greyson Montes,22,35,11,17,17,3
505,Carsen Jordan,4,7,32,5,22,6
506,Kali Gonzales,1,17,20,21,88,3
507,Hailie Woods,2,2,21,13,6,2
508,Rylee Cantu,21,39,22,7,90,1
509,Jaylee Powell,21,4,49,15,85,4
510,Nathan Brennan,10,15,44,26,59,2
511,Seth Freeman,2,7,42,19,28,3
512,Roselyn Faulkner,6,33,40,5,57,8
513,Darryl Graham,8,2,11,4,62,6
514,Devon Gillespie,22,10,13,13,3,4
515,Cullen Stark,1,10,45,27,77,7
516,Hope Sloan,1,24,25,17,22,3
517,Tianna Skinner,22,29,14,11,61,9
518,Serena Booth,14,39,49,25,68,4
519,Leanna Richardson,16,48,30,1,49,5
520,Raphael Koch,10,32,35,23,23,6
521,Elianna Strong,6,37,11,14,69,6
522,Ayden Lee,22,26,35,1,1,9
523,Mark Parks,12,36,9,28,66,8
524,Braedon Sullivan,6,13,47,18,90,9
525,Dana Bennett,14,22,10,18,58,5
526,Kason Smith,21,50,11,13,89,4
527,Ruben Huynh,12,4,34,16,88,10
528,Alisa Christensen,11,19,23,15,43,2
529,Kody Hays,21,26,5,22,85,10
530,Elvis Dougherty,18,16,9,25,13,5
531,Amiya Rangel,1,12,15,22,4,3
532,Aileen Wagner,23,13,48,23,73,6
533,Jordan Gates,21,12,1,30,60,6
534,Kimora Vargas,9,41,34,22,42,4
535,Tyree House,5,26,21,29,32,9
536,Justine Morton,12,26,47,1,61,2
537,Kiera Spears,21,44,7,25,62,9
538,Cecelia Vang,25,41,33,11,88,3
539,Jamiya Grant,15,50,13,13,51,7
540,Halle Ramos,9,46,1,10,87,10
541,Ellis Shaffer,21,26,9,18,13,2
542,Allyson Conrad,9,34,38,25,35,9
543,Liberty Mcdonald,18,26,22,16,31,4
544,Deandre Shah,25,13,8,9,24,1
545,Fernanda Hutchinson,8,16,50,5,6,4
546,Rohan Powell,20,8,44,19,77,10
547,Karly Pugh,19,23,1,16,85,8
548,Khalil Wyatt,9,40,42,10,97,5
549,Krista Sutton,4,36,2,19,93,7
550,Alexus Summers,8,2,9,8,1,10
551,Savanah Madden,17,40,4,22,33,5
552,Jacquelyn Lewis,22,33,23,26,35,10
553,Daniel Buchanan,10,45,2,20,31,9
554,Dylan Singleton,22,19,20,27,20,4
555,Ignacio Wilkerson,8,8,12,3,69,9
556,Levi Bentley,19,11,9,26,78,4
557,Yael Robinson,17,40,3,9,4,6
558,Duncan Valdez,15,32,23,17,56,5
559,Robert Wright,23,27,29,12,24,7
560,Melanie Murillo,6,20,14,30,55,9
561,Cordell Fox,16,13,19,13,49,10
562,Tyree Glass,23,3,19,12,66,2
563,Rowan Pham,13,1,25,9,14,8
564,Sonia Gilmore,16,21,9,3,85,9
565,Chace Bender,20,30,42,16,56,6
566,Melanie Parks,5,33,9,28,85,7
567,Conner Drake,18,41,31,1,30,10
568,Max Wong,23,39,49,24,4,5
569,Kash Stafford,18,27,31,29,89,5
570,Louis Ford,11,37,50,16,31,1
571,Phoenix Livingston,12,39,45,9,80,6
572,Marlie Farmer,24,49,11,11,1,7
573,Tony Ritter,15,33,8,30,83,9
574,Aydan Mccall,11,43,42,14,47,4
575,Mikayla Powers,15,41,28,10,72,4
576,Amiya Pena,22,7,12,26,4,7
577,Warren Lutz,8,12,25,25,100,5
578,Amari Hunt,2,36,44,30,66,5
579,Amari Erickson,16,18,41,24,69,2
580,Karina Gates,4,11,16,27,34,10
581,Natalia Fitzgerald,10,6,15,25,28,9
582,Kaley Santana,7,7,2,4,96,5
583,Kailey Ryan,5,44,5,28,47,6
584,Bridget Wagner,25,36,18,25,91,5
585,Claire Koch,11,28,17,21,79,4
586,Monica Odom,2,7,5,13,68,4
587,Pamela Shelton,5,10,14,24,56,1
588,Nicolas Landry,18,18,3,14,74,9
589,Ryder Navarro,13,42,18,26,55,3
590,Hope Chandler,14,47,18,13,12,4
591,Marlee Marquez,10,14,18,3,61,9
592,Chace Shepherd,17,23,2,27,45,6
593,Miley Cortez,23,30,9,27,5,10
594,Joy Montoya,12,20,41,18,58,2
595,Kaylyn Pennington,12,29,6,11,59,6
596,Charlotte Obrien,1,22,18,9,23,6
597,Georgia Mcdowell,22,32,47,14,69,4
598,Fisher Reese,8,23,14,19,51,5
599,Nolan Werner,24,14,41,26,91,7
600,Kaleigh Weiss,3,34,30,14,61,5
601,Gunner Holder,8,38,24,7,81,9
602,Richard Walters,13,3,9,21,39,9
603,Lilia Ryan,5,42,29,12,24,9
604,Terrance Ballard,13,48,2,25,90,6
605,Maggie Wagner,9,8,7,30,54,10
606,Gracie Sellers,1,44,30,6,39,1
607,Alessandro Duncan,8,14,50,9,65,1
608,Areli Whitehead,8,43,9,24,29,4
609,Bentley Bates,9,22,10,10,33,1
610,Audrey Madden,2,1,1,4,71,10
611,Blaze Clarke,4,11,1,23,54,3
612,Jazmyn Johnson,13,25,37,29,59,8
613,Madisyn Weeks,12,46,47,27,96,6
614,Charlie Brewer,18,41,16,29,3,5
615,Sharon Levine,17,45,7,9,79,6
616,Henry Sexton,25,30,48,29,52,7
617,Darien Leblanc,3,45,35,22,62,5
618,Azul Walker,1,3,27,16,7,5
619,Natalya Cisneros,21,39,5,25,94,2
620,Josiah Hanson,4,48,4,11,9,3
621,Matthias Phelps,8,29,32,28,93,10
622,Davis Vaughn,4,5,42,17,29,6
623,Belen Duke,15,31,48,8,50,9
624,Raina Roman,13,30,6,2,67,9
625,Giana Conner,21,23,7,11,46,8
626,Van Murillo,14,35,20,26,29,9
627,Ahmed Moody,5,27,39,28,83,4
628,Kyson Avila,18,48,15,24,65,6
629,Holden Henry,8,31,10,6,89,2
630,Kelsie Oneal,2,42,35,5,40,3
631,Payton Delacruz,19,7,41,24,100,2
632,Bryce Lamb,3,4,11,13,19,1
633,Pierce Anthony,15,24,2,18,4,1
634,Raquel Pennington,6,8,31,6,83,5
635,Shiloh Bullock,6,38,13,17,84,4
636,Ryan Stanley,20,49,6,19,43,1
637,Stephen Harris,8,44,27,16,50,1
638,Branden Davidson,16,32,24,13,42,7
639,Andrea Gibson,14,43,9,16,16,2
640,Genesis Lane,14,14,7,4,97,3
641,Harrison Hanson,9,7,1,6,95,6
642,Kristen Crosby,16,31,19,7,16,6
643,Stephen Barrera,11,36,13,14,48,4
644,Carmen Humphrey,1,32,8,10,11,1
645,Mira Simpson,23,45,49,5,76,6
646,Amaya Wilkinson,25,32,22,24,53,5
647,Trent Villanueva,6,8,49,21,41,10
648,Abram Dawson,14,16,20,27,43,8
649,Jaelyn Dyer,10,50,10,10,60,5
650,Lamont Villa,2,33,3,22,37,8
651,Gunner Hebert,16,32,26,19,52,3
652,Jaylee Navarro,11,5,12,19,23,9
653,Avah Arias,19,29,8,5,89,2
654,Paityn Smith,6,33,7,19,86,1
655,Braelyn Hebert,6,39,36,3,83,9
656,Julianna Griffin,16,35,45,7,63,8
657,Jay Macdonald,9,28,17,5,64,8
658,King Greene,12,31,22,13,78,5
659,Graham Atkins,5,27,46,20,89,5
660,Felipe Banks,25,22,10,2,7,6
661,Brennan Bond,20,21,38,12,97,10
662,Bridger Holloway,14,44,43,4,64,10
663,Dayana Barron,2,32,30,19,95,8
664,Alanna Keith,25,37,18,2,75,3
665,Abbey Burch,9,15,33,11,22,8
666,Brent Bowman,16,30,16,8,15,7
667,Skyler Carter,10,45,50,13,51,8
668,Madeleine Cherry,6,18,39,23,4,10
669,Delilah Bullock,4,21,44,1,69,9
670,Krish Frey,10,43,38,25,9,2
671,Marco Perez,12,49,29,6,70,9
672,Cailyn Gentry,6,37,29,2,10,8
673,Zaid Huber,22,32,40,15,27,7
674,Parker Cuevas,15,14,39,2,26,7
675,Laney Mccoy,9,28,5,22,65,1
676,Bruno Mitchell,10,38,25,4,71,8
677,Libby Norris,7,37,48,12,69,6
678,Kingston Carrillo,5,45,37,28,82,6
679,Jaylynn Kaufman,12,20,21,15,43,4
680,Barbara Rangel,15,38,42,16,56,7
681,Esther Nguyen,17,15,17,16,72,5
682,Slade Bright,19,17,47,9,85,3
683,Kobe Frost,23,2,14,26,37,3
684,Amari Carpenter,11,19,26,3,35,6
685,Chad Blevins,14,47,35,21,4,2
686,Aracely Frank,19,26,13,17,35,10
687,Francesca Aguirre,7,22,27,13,73,2
688,Jazlynn Robles,18,16,43,22,66,5
689,Alberto Obrien,21,10,35,15,39,5
690,Esmeralda Gardner,2,12,1,21,19,9
691,Kaia Downs,25,5,42,26,76,8
692,Thomas Salinas,21,26,31,6,7,4
693,Ruth Browning,19,41,33,9,29,1
694,Shyla Mosley,6,9,19,5,63,10
695,Brennan Sloan,7,50,9,10,7,10
696,Emerson Romero,4,28,33,25,62,2
697,Tristin Miranda,25,15,3,6,71,8
698,Kale Rice,11,7,28,7,47,5
699,Victor Mcdowell,6,10,41,14,49,10
700,Saul Soto,21,25,8,19,53,2
701,Alexis Durham,5,12,2,7,30,3
702,Amy Giles,23,29,6,18,38,8
703,Elaina Boyle,18,2,44,15,86,3
704,Tucker Williams,7,35,20,20,23,2
705,Konnor Sanford,17,40,10,25,74,7
706,Lillian Velez,2,26,27,3,70,7
707,Renee Cisneros,1,44,17,16,54,4
708,Mariela Oneill,13,6,36,1,2,6
709,Tianna Bridges,6,36,27,22,90,2
710,Mariah Shelton,21,46,48,29,39,2
711,Jaylah Whitney,4,27,6,21,35,4
712,Conrad Finley,3,15,39,13,74,10
713,Brooke Beasley,21,14,37,28,33,8
714,Makenzie Huynh,12,46,16,10,48,9
715,Cristofer Shepard,11,44,14,2,71,7
716,Giuliana Ramsey,12,39,5,6,78,5
717,Nadia Murphy,8,45,15,27,56,3
718,Rodrigo Reese,25,4,10,14,48,5
719,Santos Eaton,1,4,41,7,69,2
720,Maryjane Espinoza,11,33,1,27,62,4
721,Landin Liu,3,16,3,9,32,10
722,Abigayle Baird,15,11,4,11,9,2
723,Jabari Castillo,17,33,39,16,55,9
724,Sharon Aguirre,11,25,13,12,39,4
725,Brody Blair,5,15,8,4,8,6
726,Jaydon Clarke,6,40,21,11,10,6
727,Maria Shaw,22,15,20,27,8,5
728,Kenya Frank,7,6,43,30,27,7
729,Jordan Pearson,25,23,23,19,66,4
730,Lia Hamilton,14,20,42,6,13,2
731,Colt Jacobson,3,46,49,30,12,6
732,Aimee Garrison,19,26,49,1,25,3
733,Luke Francis,19,16,32,2,39,3
734,Haylee Andersen,10,50,32,18,90,5
735,Dahlia Carpenter,19,3,32,9,88,6
736,Ellie Watts,16,10,6,25,11,5
737,Alex Mcmillan,6,39,11,12,43,3
738,Eduardo Arroyo,14,31,8,3,59,8
739,Delilah Bush,18,48,4,18,70,4
740,Alice Higgins,21,50,23,30,9,4
741,Jason Marshall,25,9,33,2,83,8
742,Toby Holmes,24,14,23,25,31,6
743,Alexander Stanley,19,22,28,24,15,2
744,Kenya Turner,10,5,48,16,38,5
745,Winston Perry,16,45,27,4,58,2
746,Angie Lloyd,25,46,7,21,30,10
747,Talan Khan,12,27,31,24,78,4
748,Carmen Carter,15,36,37,22,99,4
749,Abby Reyes,6,23,9,23,44,1
750,Dillan Kirby,3,3,30,17,45,7
751,Tess Copeland,5,12,23,11,41,6
752,Angie Hayes,5,4,31,11,37,4
753,Bryson Jefferson,2,4,35,15,9,4
754,Elise Bennett,6,8,17,29,28,6
755,Damian Ross,18,21,28,2,18,8
756,Aracely Schneider,1,36,40,20,46,1
757,Brynn Wang,25,39,49,18,29,6
758,Kyra Price,8,1,46,20,70,2
759,Kasey Leonard,16,9,25,15,3,10
760,Heaven Pacheco,10,46,38,22,44,5
761,Eve Weaver,13,14,3,14,9,3
762,Alan Lam,18,39,40,16,51,7
763,Jacquelyn Benjamin,6,10,11,9,42,2
764,Yoselin Huber,14,7,22,1,11,2
765,Gloria Davila,11,38,23,27,45,2
766,Bradyn Bush,18,18,23,18,78,8
767,Lilyana Dodson,15,42,7,9,8,3
768,Jonathon Kent,9,2,15,1,10,7
769,Nico Butler,12,49,16,26,35,1
770,Lydia Perez,6,50,32,7,60,6
771,Paisley Frank,11,44,18,13,70,10
772,Brennen Flowers,8,19,39,24,47,4
773,Dahlia Owen,19,4,9,2,41,10
774,Willie Ingram,23,20,4,19,34,9
775,Serena Rojas,22,15,30,5,84,6
776,Rogelio Sharp,10,27,15,10,41,10
777,Victor Pugh,15,42,14,30,49,2
778,Keyon Mullen,22,10,18,23,87,8
779,Yadiel Lowe,20,42,18,22,100,8
780,Remington Bell,17,26,50,12,35,4
781,Julissa Giles,16,40,34,7,39,5
782,Ryan Savage,25,18,29,1,42,8
783,Aylin Orr,13,4,27,10,79,3
784,Clarissa Roth,15,48,26,3,89,5
785,Theresa Snow,3,21,44,23,66,7
786,Joanna Dyer,17,18,28,24,10,7
787,Baylee Stein,20,22,37,20,88,6
788,Salvador Velez,21,17,47,1,100,5
789,Giada Marshall,22,1,2,11,50,2
790,Jacoby Schwartz,2,43,18,22,16,7
791,Emilie Fleming,25,15,5,26,60,7
792,Stella Boyd,9,2,36,14,18,6
793,Jordyn Webb,3,30,19,15,66,5
794,Aubrie Barry,19,19,36,21,73,4
795,Dayton Bates,6,11,19,19,76,7
796,Keenan Mathis,9,12,2,9,17,7
797,Aaden Ward,4,22,4,5,60,4
798,Jameson Khan,25,11,26,7,14,8
799,Jesus Norris,14,20,9,15,95,7
800,Rhianna Brennan,11,9,25,8,28,4
801,Leon Beard,2,9,35,20,79,3
802,Elliana Frost,22,26,14,19,80,8
803,Maleah Davis,1,14,18,12,35,2
804,Raina Hull,1,49,50,7,78,5
805,Wilson Patton,25,25,1,2,8,4
806,Jason Lam,5,1,19,11,76,7
807,Monserrat Fields,5,23,18,30,89,6
808,Alessandra Stafford,2,29,18,4,31,1
809,Jayson Dillon,13,27,1,12,22,1
810,Griffin Fitzpatrick,7,17,31,21,12,8
811,Jayvon Warren,14,11,11,3,50,8
812,James Ritter,16,37,7,13,22,9
813,Anya Montgomery,17,32,45,10,77,2
814,Allyson Hoffman,1,21,19,2,81,3
815,Elvis Sutton,18,43,42,10,2,9
816,Alfredo Golden,11,27,13,13,78,10
817,Shania Herring,2,32,47,20,85,9
818,Lorelei Novak,8,8,7,25,53,8
819,Rayne Thompson,11,37,22,30,70,3
820,Quentin Ross,4,38,37,25,54,1
821,Beau Blankenship,20,6,1,10,71,5
822,Olivia Dixon,4,19,47,8,71,2
823,Dorian Hernandez,17,47,22,6,50,2
824,Karma Branch,5,33,12,9,60,3
825,Jordyn Middleton,12,44,46,10,86,10
826,Mathew Blackburn,2,13,37,28,41,2
827,Brenna Solis,7,3,20,13,59,10
828,Luis Kelly,14,11,42,2,73,9
829,Alisa Zimmerman,9,13,50,5,80,3
830,Madelynn Gross,23,20,45,6,77,6
831,Valentino Gould,6,11,25,9,70,9
832,Nathaniel Macias,13,38,26,29,53,2
833,Lucy Johnston,24,40,23,16,59,9
834,Mylee Ward,15,16,30,21,42,10
835,Jaylah Rollins,6,3,2,4,34,6
836,Lyla Sparks,13,13,17,12,83,7
837,Harrison Brady,17,43,29,26,100,9
838,Jamison Casey,13,22,11,1,2,7
839,Yurem Hinton,12,15,46,30,52,6
840,Jayvion Coffey,7,14,31,22,80,7
841,Izaiah Blair,5,9,7,14,25,6
842,Alejandro Salas,2,19,39,8,46,6
843,Krystal Cantrell,20,31,20,29,46,10
844,Oliver Washington,2,40,3,2,28,9
845,Hailie Harrison,25,24,37,22,26,2
846,Yareli Merritt,1,1,17,5,47,10
847,Tabitha Norton,22,38,20,10,39,6
848,Jocelyn Sellers,8,26,48,20,81,9
849,Elian Carrillo,19,24,37,20,80,5
850,Kaia Parrish,5,25,18,24,28,5
851,Brenton Pollard,7,2,7,13,43,6
852,Dane Hayes,13,22,33,27,32,2
853,Aldo Bass,22,23,15,15,17,6
854,Ronnie Edwards,2,20,39,17,31,2
855,Jonathon Arroyo,10,39,5,2,47,4
856,Aron Ortega,8,45,44,14,94,4
857,Rylee King,23,33,27,5,88,4
858,Maren Higgins,22,35,28,11,26,3
859,Cassandra Merritt,25,49,36,27,37,9
860,Bruce Estrada,20,50,8,15,1,2
861,Jayvion Randall,22,49,22,18,97,8
862,Everett Sandoval,23,24,14,18,23,8
863,Brenden Mack,4,38,22,5,11,4
864,Juan Barajas,13,41,27,29,6,7
865,Kelsey Carney,9,50,31,5,76,4
866,Pablo Pittman,22,31,37,26,11,9
867,Jakob Meza,9,30,29,14,53,9
868,Eric Hardy,22,19,17,7,96,3
869,Sienna Alexander,18,33,49,12,6,7
870,Dylan Tran,4,38,1,9,89,10
871,Lea Duke,15,32,18,4,34,1
872,Alanna Howell,23,19,15,17,44,3
873,Jazlyn Levine,22,34,29,2,64,4
874,Andreas Elliott,7,8,4,30,24,2
875,Giovanni Lopez,20,33,20,19,52,8
876,Lorena Bush,15,21,24,26,57,6
877,Adrien Alexander,14,44,29,22,43,10
878,Adelaide Hickman,17,9,19,9,66,3
879,Gavin Klein,6,41,5,25,58,9
880,Perla Hodge,24,26,38,13,30,9
881,Briley Tate,8,35,42,29,2,3
882,Darius Hardin,7,8,30,13,81,1
883,Nehemiah Myers,15,5,50,22,19,2
884,Mikayla Mcbride,13,41,35,18,53,2
885,Madden Hebert,21,27,38,26,3,8
886,Alisha Francis,22,32,30,27,41,6
887,Sidney Gibbs,19,2,22,1,62,4
888,Yareli Walls,3,24,50,28,73,10
889,Enrique Hinton,13,25,46,16,12,10
890,Skyla Rubio,20,1,24,5,32,3
891,Aurora Clements,23,14,47,22,82,7
892,Marianna Barry,18,18,13,21,73,2
893,Karissa Franklin,5,4,12,28,63,9
894,Deangelo Robertson,24,9,36,21,46,9
895,Kylie Yu,6,11,26,24,94,7
896,Camren Rowland,4,24,5,14,58,8
897,Marianna Stewart,11,12,32,28,58,7
898,Liliana Roth,3,38,10,24,11,8
899,Francesca Black,17,8,12,22,77,1
900,Londyn Shields,19,13,28,17,42,7
901,Arthur Dickerson,18,31,36,24,52,1
902,Caleb Gonzales,2,15,24,4,80,1
903,Nicole Lawson,9,40,40,13,89,8
904,Elena Townsend,6,11,20,26,12,3
905,Eden Chang,18,21,16,25,73,3
906,Maribel Harper,9,22,27,8,75,3
907,Javon Dougherty,13,30,44,14,51,6
908,Emily Boyer,12,14,24,14,16,8
909,Kamden Burns,15,1,25,28,22,10
910,Bryson Rogers,11,8,12,20,87,6
911,Marisol Wilcox,19,42,12,11,45,6
912,Alexandra Mosley,1,13,20,23,77,3
913,Jamya Wu,21,15,26,23,91,3
914,Zoey Rivers,6,45,11,10,32,7
915,Bo Macias,23,18,12,4,32,7
916,Sloane Beltran,12,37,32,6,28,3
917,Andres Lewis,6,7,28,14,21,10
918,Belen Brennan,1,10,29,8,68,10
919,Gia Torres,10,29,3,21,31,9
920,Reid Mcfarland,23,48,30,15,99,9
921,Maximus Rocha,19,10,43,11,42,8
922,Layton Rodgers,24,7,6,14,18,9
923,Osvaldo Nolan,22,29,29,24,48,8
924,Izabelle Cox,22,50,1,8,53,8
925,Kaelyn Lang,15,46,35,2,31,4
926,Angie Leonard,11,41,18,24,46,8
927,India Vaughn,1,20,13,13,42,1
928,Saige Butler,22,36,1,13,68,9
929,Jordon Cuevas,4,30,20,15,27,9
930,Wayne Horn,2,44,18,30,17,7
931,Alyvia Gay,13,44,8,18,72,10
932,Giovani Todd,22,25,40,15,23,5
933,Yaretzi Mcguire,18,22,22,6,54,7
934,Alexandria Reilly,6,32,29,17,59,8
935,Macy Monroe,8,16,38,19,26,9
936,Lilianna Choi,22,1,34,27,37,7
937,Johan Summers,5,20,47,30,47,9
938,Noelle Buckley,9,24,6,7,60,8
939,Iyana Ramos,8,10,42,6,85,1
940,Turner Steele,23,48,4,21,91,9
941,Cassie Valentine,24,9,8,20,17,4
942,Leyla Roberts,21,29,46,24,55,9
943,Zander Castaneda,7,6,18,1,16,7
944,Paula Werner,5,18,3,16,42,8
945,Jordan Steele,19,18,45,6,55,4
946,Zachery Braun,15,37,27,8,93,10
947,Zain Gardner,10,29,12,21,36,4
948,Salvador Lucas,1,5,33,8,29,4
949,Tori Lane,23,1,9,7,75,10
950,Liam Wilson,8,28,34,8,62,6
951,Tommy Valdez,14,35,5,29,30,5
952,Catherine Green,1,9,9,27,76,10
953,Harper Joseph,17,1,10,12,2,2
954,Steve Duran,18,37,34,5,25,1
955,Allie Swanson,25,17,6,21,27,4
956,Kaitlyn Bartlett,20,5,34,18,83,3
957,Yadira Wade,21,49,20,1,12,8
958,Cailyn Paul,13,3,29,15,6,7
959,Katelyn Bender,16,22,8,2,73,1
960,Madilynn Johnson,13,18,29,29,16,10
961,Isaiah Daniel,8,19,49,3,73,1
962,Dixie Mahoney,21,22,19,25,22,2
963,Hallie Wells,10,2,19,19,50,10
964,Andreas Morse,2,6,13,4,9,4
965,Jaylah Ali,6,1,42,27,17,10
966,Donna Ford,24,5,35,22,95,4
967,Leticia Beard,25,43,43,2,67,2
968,Lucian Rivas,25,8,5,20,37,9
969,Jalen Knox,22,33,33,25,45,9
970,Ean Stanton,4,40,8,23,27,2
971,Dallas Fritz,24,32,28,3,75,5
972,Aubrie Chavez,19,45,30,15,66,10
973,Guillermo Conley,14,24,3,28,56,2
974,Tia Velazquez,14,32,19,9,62,9
975,Kasey Rice,15,5,13,10,2,3
976,Alexus Perkins,6,10,29,5,64,9
977,Derrick Fischer,11,50,9,21,69,3
978,Warren Calderon,4,17,26,26,9,8
979,Greyson Ho,24,48,37,29,78,3
980,Heidy Vega,25,25,15,10,97,1
981,Elisabeth Mooney,19,32,11,1,86,2
982,Dominique Pena,12,23,34,24,89,7
983,Jordon Mclean,16,13,33,26,93,4
984,Ali Hopkins,23,47,29,26,23,5
985,Alex Richmond,12,48,9,26,39,8
986,Elliott Norman,16,1,43,3,55,6
987,Braelyn Warner,13,8,33,14,45,6
988,Kameron Schultz,8,11,38,29,70,5
989,Junior Barry,24,18,7,15,75,6
990,Leah Moses,14,33,16,29,53,3
991,Natalie Brock,19,25,17,16,1,4
992,Keagan Le,19,15,6,21,36,6
993,Walker Bird,12,9,48,28,82,8
994,Teagan Huang,6,16,7,19,29,5
995,Catherine Ford,6,33,5,14,34,7
996,Carmen Mosley,11,31,16,17,10,3
997,Dalia Wood,20,18,40,6,99,4
998,Winston Henson,1,37,18,8,24,8
999,Taliyah Eaton,7,12,32,23,3,6
1000,Cali Richards,15,24,5,6,61,3
1001,Kylan Harding,25,36,1,17,4,2
1002,Cesar Ross,25,32,15,18,98,3
1003,Hadley Reed,7,14,15,7,62,7
1004,Jabari Pearson,21,18,20,7,88,3
1005,Allyson Rose,8,23,18,17,71,5
1006,Ryleigh Erickson,3,37,17,30,93,9
1007,Johan Daniel,15,44,1,12,79,3
1008,Kaia Velez,25,39,33,18,38,6
1009,Isabell Duffy,18,25,19,8,88,1
1010,Alivia Le,6,49,25,9,86,5
1011,Mason Leblanc,17,6,35,18,53,4
1012,Ray Blair,16,12,50,7,93,1
1013,Guillermo Stevenson,18,6,33,12,98,9
1014,Ellis Stevenson,14,30,42,4,72,4
1015,Bianca Mccann,8,11,4,10,15,6
1016,Makenna Conway,1,10,28,15,47,4
1017,Marisol Owen,19,5,18,6,37,8
1018,Jaidyn Andersen,2,8,46,25,96,4
1019,Charlize Coleman,7,50,46,17,76,8
1020,Teagan Park,15,41,25,3,4,1
1021,Eli Gregory,22,28,40,10,15,1
1022,Keith Joseph,14,30,41,18,49,8
1023,Jenna Turner,6,29,39,16,12,10
1024,Sammy Stephens,23,5,1,2,27,10
1025,Maximilian Mendoza,24,31,1,30,4,8
1026,Yasmin Zhang,21,45,18,24,53,1
1027,Ross Arias,3,11,2,19,62,2
1028,Gustavo Suarez,17,11,2,18,39,6
1029,Brynlee Pineda,10,15,45,15,20,5
1030,Adalynn Valencia,6,28,12,24,34,4
1031,Hailee Edwards,15,24,23,9,63,1
1032,Amanda Hull,24,19,33,5,24,6
1033,Zack Jarvis,9,13,26,21,93,8
1034,Averi Holland,11,8,39,20,63,10
1035,Aron Ruiz,9,32,43,2,41,5
1036,Juan Fischer,10,46,47,24,3,8
1037,Lucas Greer,25,31,47,19,38,6
1038,Michaela Holmes,17,4,50,24,30,8
1039,David Schneider,1,2,9,17,5,9
1040,Marc Richardson,1,22,13,25,5,8
1041,Aron Zimmerman,14,19,25,1,70,9
1042,Sherlyn Sparks,24,10,39,20,53,4
1043,Gillian Gutierrez,24,43,37,10,34,8
1044,Laila Mcconnell,7,44,5,26,92,3
1045,Yosef Owens,11,35,32,27,53,6
1046,Cailyn Reid,1,6,48,17,76,7
1047,Keenan Dean,10,19,40,5,34,10
1048,Kiersten Norton,13,12,34,11,41,6
1049,Claire Mueller,8,48,3,20,8,2
1050,Kenny Horton,8,24,31,27,54,5
1051,Jaydin Austin,4,3,44,26,86,4
1052,Adalynn Swanson,9,22,14,12,78,3
1053,Bruno Mcconnell,15,35,27,27,94,1
1054,Leticia Barnes,5,32,44,29,87,1
1055,Lexi Myers,7,4,48,20,68,9
1056,Kaelyn Blankenship,5,34,21,30,61,6
1057,Bradyn Lindsey,4,43,16,20,49,3
1058,Eliana Booth,4,7,38,21,31,2
1059,Ayden Edwards,5,49,47,28,80,7
1060,Ari Becker,23,18,44,23,39,6
1061,Marissa Terrell,25,26,38,3,85,4
1062,Evelin Lara,15,30,8,29,85,3
1063,Aimee Kline,11,27,46,30,89,2
1064,Nina Manning,7,32,23,25,71,4
1065,Naomi Nichols,15,26,28,19,66,3
1066,Ryann Sims,14,1,42,2,22,10
1067,Luis Brock,11,34,24,7,37,3
1068,Jayla Martinez,8,10,15,18,63,10
1069,Rudy Branch,5,18,31,23,42,3
1070,Elliott Waters,15,22,32,21,11,4
1071,Junior Alexander,24,44,34,11,22,2
1072,Kenneth Horton,6,27,20,10,92,3
1073,Rafael Holland,8,8,10,26,85,5
1074,Gracie Sutton,13,4,24,16,84,1
1075,Alvin Galloway,5,26,12,25,43,4
1076,Sincere Hart,22,40,31,8,88,9
1077,Aniyah Love,2,1,43,10,1,6
1078,Damon Bowers,23,47,22,21,69,9
1079,Mckayla Carter,18,3,37,19,86,7
1080,Mauricio Lawrence,6,43,12,25,40,8
1081,Haylie Prince,24,14,1,22,76,7
1082,Sonny Huerta,25,50,49,27,26,8
1083,Izabelle Moss,24,36,26,6,24,2
1084,Caleb Kelley,8,41,22,28,9,6
1085,Conor Pratt,4,42,17,7,7,2
1086,Eden Small,23,9,21,16,36,1
1087,Rohan Cordova,17,20,32,24,36,8
1088,Salma Newton,15,24,11,16,66,8
1089,Antoine Vasquez,4,2,8,2,34,7
1090,Allen Montgomery,12,33,3,2,7,3
1091,Jenny Duarte,7,27,10,27,69,1
1092,Yazmin Maddox,14,21,12,4,85,3
1093,Mitchell Kramer,9,6,42,17,14,8
1094,Raegan Mccarthy,21,35,27,6,5,8
1095,Alfredo Bean,19,47,31,19,98,4
1096,Leia Fox,14,44,2,2,41,5
1097,Theodore Gonzalez,2,4,44,7,43,8
1098,Nathalie Joyce,9,29,17,12,45,4
1099,Matthew Noble,1,3,43,17,82,4
1100,Bryson Obrien,25,21,19,10,21,2
1101,Ayaan Schmitt,20,24,7,24,36,8
1102,Anna Foley,25,32,21,28,23,2
1103,Londyn Elliott,16,8,1,3,89,10
1104,Kadyn Parrish,1,12,13,19,10,2
1105,Shamar Khan,15,38,50,11,5,6
1106,Angelica Montes,20,43,8,15,17,6
1107,Zoe Mack,13,5,10,8,57,6
1108,Kenna Hoover,12,43,37,28,60,1
1109,Brett Mccann,23,26,37,18,57,5
1110,Chance Little,10,30,37,24,22,6
1111,Collin Bowen,8,12,19,15,16,7
1112,Barbara Johnson,20,38,37,29,33,2
1113,Rayna Hogan,10,29,50,22,83,5
1114,Sophia Huynh,18,34,13,27,95,4
1115,Meghan Burke,15,47,34,26,69,8
1116,Irvin Zavala,18,28,42,27,55,1
1117,Hadley Dixon,19,50,26,12,65,1
1118,Crystal Lam,9,33,17,5,16,3
1119,Kelsie English,1,17,3,2,71,10
1120,Emmy Forbes,22,28,27,27,28,8
1121,Abram Taylor,8,19,25,3,69,5
1122,Erika Schwartz,2,8,50,21,30,9
1123,Justus Wilkerson,22,25,20,1,83,3
1124,Elsie Bonilla,24,17,22,27,90,8
1125,Augustus Pena,18,49,13,17,90,8
1126,Keaton Pace,22,26,39,4,82,6
1127,Lina Wolfe,4,23,12,13,96,1
1128,Tia Huber,24,47,31,6,20,6
1129,Braeden Morris,22,11,7,21,82,1
1130,Julissa Ibarra,2,28,37,14,92,4
1131,Krystal Owen,12,44,18,15,40,3
1132,Jason Weeks,5,24,10,8,16,7
1133,Tamara Duncan,23,6,18,11,46,4
1134,Clay Bell,16,10,10,16,41,2
1135,Giancarlo Wilcox,2,37,10,1,72,8
1136,Haylee Potts,15,24,43,5,37,6
1137,Braylon Camacho,17,10,45,27,94,8
1138,Ryan Turner,17,14,31,15,22,6
1139,Guadalupe Stanton,22,40,14,12,56,7
1140,Summer Gaines,15,42,36,8,97,7
1141,Hudson Morton,2,7,16,3,42,3
1142,Tristian Snyder,14,4,46,22,88,3
1143,Celia Crane,8,33,44,5,91,8
1144,Yoselin Knapp,11,36,20,10,8,3
1145,Charlee Tran,17,23,26,20,39,5
1146,Kael Murphy,16,6,18,17,99,9
1147,Cloe Graves,6,6,14,29,58,8
1148,Tyler Mckenzie,7,4,38,4,56,6
1149,Warren Fuentes,25,40,13,10,7,7
1150,Evangeline Chan,25,28,40,5,9,3
1151,Lucy Koch,10,40,48,10,29,1
1152,Kendrick Snow,25,19,32,16,32,7
1153,Ramon Mann,9,15,47,3,11,2
1154,Antony Mccann,1,21,13,21,94,7
1155,Adriel Faulkner,1,32,29,10,16,7
1156,Belen Mcgee,9,32,3,3,23,9
1157,Brenton Spears,4,5,31,23,42,4
1158,Leticia Moyer,6,17,6,20,79,8
1159,Davon Fischer,23,18,28,27,2,3
1160,Remington Summers,12,35,30,19,70,1
1161,Gina Williams,3,13,37,12,5,10
1162,Bruno Gilmore,11,20,36,30,74,5
1163,Alessandra Bond,22,49,49,20,73,4
1164,Mina Pugh,25,28,30,11,44,9
1165,Lexi Shaffer,10,12,27,7,15,3
1166,Aliana Hull,21,20,39,21,61,10
1167,Clara Colon,8,38,7,16,21,1
1168,Cade Velazquez,19,41,41,13,74,7
1169,Ruby Quinn,3,33,32,16,83,6
1170,Jaylen Christian,4,44,7,16,59,8
1171,Alexis Barr,9,5,25,14,63,5
1172,Lea Cantrell,11,11,16,14,50,10
1173,Dahlia Bowen,15,25,7,16,20,10
1174,Leonard Pacheco,12,8,50,7,31,6
1175,Gage Dickson,24,50,17,7,8,1
1176,Breanna Key,6,28,20,7,30,3
1177,Giselle Bullock,2,32,10,9,85,1
1178,Andrew Wagner,19,42,42,2,63,6
1179,Lillian Beasley,16,47,29,4,86,1
1180,Laylah Caldwell,6,29,8,28,44,6
1181,Johnathan Mullins,19,37,30,19,7,2
1182,Cristopher Kennedy,24,17,5,3,17,2
1183,Paris Collier,1,10,22,25,13,3
1184,Nancy Lutz,9,42,37,8,43,5
1185,Gael Mercado,12,30,7,13,63,10
1186,Keyon Villa,12,30,46,8,94,9
1187,Ruben Sampson,12,5,23,15,22,8
1188,Sullivan Patel,23,6,13,17,29,5
1189,Ana Gibbs,4,27,40,12,44,2
1190,Annie Ayers,22,26,21,26,80,9
1191,Miguel Sanchez,11,1,35,26,46,2
1192,Lyric Bean,7,13,9,20,56,6
1193,Alaina Singleton,25,6,14,19,54,4
1194,Emmalee Khan,10,27,16,4,23,6
1195,Dillon Rollins,5,32,19,12,42,9
1196,Kendrick Beltran,5,10,9,9,47,10
1197,Blaze Kelley,3,49,27,16,40,3
1198,Esmeralda Oconnor,16,31,9,9,21,1
1199,Rebekah Rivers,17,11,37,18,27,9
1200,Antonio Valenzuela,24,45,42,30,93,8
1201,Dixie Estrada,14,13,15,29,39,1
1202,Jayvon Travis,16,37,29,9,51,4
1203,Santos Wade,6,8,38,24,36,8
1204,Bobby Raymond,3,47,18,2,45,6
1205,Denise David,25,18,21,25,41,5
1206,Rosa Jimenez,7,49,45,30,96,3
1207,Cortez Crosby,8,13,16,8,93,9
1208,Gaven Terrell,8,9,10,23,71,2
1209,Sabrina Randall,8,18,46,15,48,4
1210,Angeline Zhang,8,34,16,24,15,5
1211,Kael Maynard,21,2,21,11,12,7
1212,Raven Stout,12,36,13,29,100,8
1213,Tyrone Faulkner,20,17,39,10,76,1
1214,Claire Hogan,19,3,11,5,39,5
1215,Van Howard,7,14,15,3,72,8
1216,Maurice Walls,4,37,12,8,3,7
1217,Luke Vang,14,18,27,29,84,4
1218,Aleena Joyce,20,24,20,20,10,5
1219,Axel Sampson,4,39,29,18,89,7
1220,Mekhi Yoder,14,8,19,21,87,4
1221,Martha Velasquez,9,3,28,5,7,1
1222,Lilliana Walters,25,30,44,8,96,6
1223,Veronica Ho,11,41,41,28,12,8
1224,Donald Griffith,15,50,24,7,27,7
1225,Kennedi Blake,19,29,3,13,81,6
1226,Leonidas Houston,10,2,4,23,46,6
1227,Tatiana Wilson,3,14,31,26,14,4
1228,Gavyn Evans,2,35,50,7,63,4
1229,Dulce Riley,19,3,42,4,80,3
1230,Memphis Wheeler,2,32,46,1,97,6
1231,Darius Powers,23,23,21,20,30,3
1232,Rosa Lowery,11,5,24,11,14,1
1233,Reyna James,11,45,12,2,33,8
1234,Eduardo Patton,25,4,45,16,44,1
1235,Brisa Pope,3,39,5,24,7,4
1236,Rebecca Bean,10,32,43,26,81,6
1237,Malik Owen,21,8,40,21,39,7
1238,Marin Huang,14,28,20,23,31,6
1239,Xander Richards,10,45,9,8,35,2
1240,Chloe Salazar,10,18,19,19,27,5
1241,Tanner Cannon,22,8,45,10,58,1
1242,Lucy Lyons,22,24,17,22,32,1
1243,Brianna Mcintosh,2,32,24,25,80,10
1244,Harley Shelton,13,18,4,14,3,7
1245,Madden Cooke,23,13,43,5,23,2
1246,Cornelius Proctor,6,34,49,23,63,5
1247,Karma York,2,32,39,4,27,9
1248,Ellis Reyes,20,32,14,29,80,9
1249,Victor Fitzgerald,5,19,43,11,41,1
1250,Aisha Mcdonald,21,28,7,20,83,8
1251,Brielle Casey,6,18,7,24,16,1
1252,Karson Briggs,25,43,21,7,98,3
1253,Stephany Sandoval,21,6,5,28,78,8
1254,Kody Lloyd,9,46,19,21,38,8
1255,Ibrahim Munoz,10,39,13,26,78,8
1256,Keyla Anthony,3,12,39,30,3,4
1257,Annalise Cole,17,40,20,4,57,10
1258,Brielle Herrera,22,6,39,15,44,4
1259,Kallie Shaw,23,48,4,18,28,10
1260,Joyce Owen,15,5,49,27,29,2
1261,Isaac Ayers,22,22,37,30,27,9
1262,Bryant Cannon,4,46,29,9,50,4
1263,Bruno Key,11,14,6,27,100,7
1264,Hillary Cardenas,9,33,36,4,63,1
1265,Nathen Diaz,5,48,31,1,95,1
1266,Alannah Whitaker,6,27,33,11,58,10
1267,Eleanor Bean,1,15,5,4,2,5
1268,Kamari Trujillo,1,6,17,9,91,3
1269,Demetrius Cohen,13,42,27,16,46,8
1270,Stacy Russell,7,1,12,19,49,6
1271,Janiah Schwartz,2,46,22,17,92,9
1272,Izabella Poole,8,47,23,3,74,5
1273,Danna Clements,18,31,18,9,82,7
1274,Kolby Pugh,25,33,28,29,7,10
1275,Keely Miles,22,45,44,11,14,3
1276,Marco Mueller,25,38,12,25,27,6
1277,Joselyn Schaefer,18,7,3,2,18,6
1278,Sherlyn Hurst,3,49,46,14,41,10
1279,Carley Velazquez,12,23,12,15,75,9
1280,Nyasia Cabrera,9,23,5,16,17,2
1281,Tyrese Olson,21,9,15,18,15,4
1282,Chace Gibbs,10,13,4,15,38,9
1283,Zachariah Jordan,11,21,18,26,24,9
1284,Raiden Bolton,25,13,37,17,81,6
1285,Yosef Welch,4,33,9,10,78,9
1286,Tate Lamb,6,22,5,14,73,3
1287,Jillian Chase,24,44,38,6,46,5
1288,Ryland Dougherty,17,43,43,3,43,8
1289,Tyrone Cabrera,9,8,10,18,63,5
1290,Anaya Chung,4,33,45,5,64,4
1291,Ryan Wheeler,21,18,49,25,4,10
1292,Tristin Cross,14,21,46,20,78,10
1293,Santos Terrell,22,5,13,10,57,4
1294,Cynthia Mcneil,7,1,8,25,62,6
1295,Desiree Bartlett,23,20,42,11,49,3
1296,Spencer Randolph,10,39,7,24,56,9
1297,Hezekiah Bean,1,19,28,27,77,7
1298,Jazlyn Dunlap,11,47,25,16,25,5
1299,Karsyn Sheppard,17,20,12,1,99,8
1300,Zain Gregory,25,22,5,15,62,7
1301,Jermaine Hudson,19,10,34,14,63,8
1302,Matthias Rivas,25,12,48,5,6,8
1303,Teagan Brady,14,45,18,10,85,2
1304,Dayanara Cannon,6,28,13,23,87,7
1305,Nikolai Mccall,9,40,25,9,57,8
1306,Shaniya Ball,24,27,17,21,84,10
1307,Jayda Rocha,19,39,10,21,96,1
1308,Enrique Bowen,18,9,37,24,42,7
1309,Lailah Downs,5,38,13,3,57,3
1310,Orion Weiss,12,38,37,16,49,4
1311,Shiloh Buck,25,42,23,26,17,1
1312,Addison Barber,23,45,21,1,70,8
1313,Cody Lucas,8,11,23,18,65,10
1314,Luis Bender,16,14,33,8,33,9
1315,Sidney Deleon,21,27,9,11,31,5
1316,Christopher Burton,7,30,21,2,96,6
1317,Collin Ibarra,25,33,41,25,88,6
1318,Kasey Juarez,17,11,46,5,16,9
1319,Demetrius Hess,23,4,5,7,87,1
1320,Alena Krueger,8,30,42,18,37,9
1321,Diamond Berry,18,5,37,4,16,2
1322,Blaze Branch,5,25,37,5,57,3
1323,Alfred Fuller,24,16,39,29,53,7
1324,Gracelyn Pierce,20,48,36,21,8,9
1325,Sean Deleon,17,37,41,20,20,4
1326,Aarav Chase,20,5,28,3,20,8
1327,Camron Snyder,1,6,8,21,27,1
1328,Walker Mendoza,15,3,29,16,100,3
1329,Charlee Kline,24,41,2,15,22,4
1330,Bailey Pollard,9,24,30,30,59,5
1331,Jay Irwin,12,50,33,10,35,4
1332,Carlie Simpson,17,26,3,19,82,10
1333,Ruben Allen,23,40,18,17,22,9
1334,Phillip Harrison,18,24,11,23,63,5
1335,Adelyn Blair,18,2,15,9,54,5
1336,Saige Clements,23,28,15,12,85,5
1337,Jacoby Crosby,5,35,20,10,80,2
1338,Jonah Lawrence,18,36,47,30,6,9
1339,Barbara Mckinney,21,24,39,9,44,10
1340,Shaniya Hebert,25,21,16,21,66,9
1341,Lillie Mccormick,15,41,33,7,71,1
1342,Pamela Mccann,4,40,44,3,88,4
1343,Kate Carpenter,7,39,17,9,95,4
1344,Jasiah Acevedo,24,1,49,28,7,5
1345,Bo Stafford,17,30,29,3,85,6
1346,Koen Tanner,15,39,15,30,27,3
1347,Makayla Cabrera,22,37,1,30,84,2
1348,Hanna Craig,13,3,17,1,25,5
1349,Lamar Hall,25,6,49,28,74,3
1350,Sherlyn Turner,9,39,17,9,93,1
1351,Christina Perkins,6,22,37,21,25,6
1352,Marquise Mclaughlin,11,15,8,19,84,10
1353,Yazmin Kelley,8,19,23,13,21,5
1354,Deanna Kirby,8,35,30,15,6,2
1355,Keshawn Adkins,11,2,16,13,38,10
1356,Kiera Atkinson,23,18,43,10,41,2
1357,Mireya Ingram,19,45,34,11,68,1
1358,Alma Ingram,19,1,21,13,56,6
1359,Keyon Sheppard,25,13,38,23,78,9
1360,Kai Mercado,20,46,14,10,82,7
1361,Alec Osborne,5,2,4,26,86,3
1362,Jacqueline Lewis,20,32,23,25,84,9
1363,Ayla Wood,3,44,17,18,5,4
1364,Dayami Galloway,14,29,8,15,81,4
1365,Edgar Freeman,4,49,19,29,63,6
1366,Abbigail Moore,20,29,12,11,19,5
1367,Ainsley Ibarra,19,46,22,20,8,7
1368,Frank Meyer,18,27,31,23,62,10
1369,Sabrina Berg,6,32,33,27,92,7
1370,Mikaela Gates,9,30,21,20,35,10
1371,Brooke Payne,3,48,22,6,21,10
1372,Adriana Conway,1,14,38,9,19,3
1373,Melina Maynard,19,37,37,14,55,2
1374,Kathy Zimmerman,8,18,22,30,99,10
1375,Veronica Cervantes,5,14,28,18,63,6
1376,Lillianna Harrington,21,21,21,18,11,1
1377,Hailie Mckinney,13,15,18,16,82,4
1378,Wayne Dean,22,30,18,11,44,2
1379,Gabrielle Chang,11,36,9,15,61,5
1380,Taniya Boyer,18,27,31,6,9,4
1381,Remington Meza,14,17,30,23,28,2
1382,Diya Mercado,17,37,35,21,36,2
1383,Joel Leonard,1,6,45,1,76,10
1384,Miah Wright,24,10,18,4,22,2
1385,Ace Richmond,2,22,28,11,13,1
1386,Janiyah Mack,5,8,50,1,1,7
1387,Rayan Kaufman,5,30,47,3,76,3
1388,Xavier Walsh,1,41,42,16,62,2
1389,Justine Goodman,4,38,22,10,52,3
1390,Greta Dudley,15,29,28,29,33,6
1391,Diya Knapp,18,4,44,6,73,4
1392,Sydney Small,15,34,39,22,58,4
1393,Selina Peters,16,15,37,13,66,2
1394,Braylon Craig,18,41,18,22,26,10
1395,Tanner Stevenson,10,24,33,9,64,3
1396,Kendra Duncan,12,40,15,29,32,4
1397,Luis Vaughan,4,2,34,5,82,3
1398,Emery Clements,24,13,9,8,99,9
1399,Brendan Cooke,6,1,50,17,22,2
1400,Ingrid Jensen,25,37,37,11,84,5
1401,Amanda Sparks,8,24,23,20,62,6
1402,Shelby Stuart,6,3,35,13,50,10
1403,Terrence Mills,13,48,32,14,44,5
1404,Andrew Mahoney,6,27,27,4,87,4
1405,Conner Carrillo,9,48,4,5,54,8
1406,Marco Montoya,2,10,16,24,41,1
1407,Miriam Kerr,23,13,37,5,28,7
1408,Aryana Smith,20,35,14,14,9,5
1409,Reese Barr,11,12,41,14,75,10
1410,Jamir Carpenter,17,18,35,30,61,2
1411,Raphael Sloan,9,44,25,12,69,1
1412,Jaeden Banks,19,37,28,26,7,5
1413,Colten Mckay,13,31,50,24,23,6
1414,Lucille Guzman,2,29,39,18,43,8
1415,Abagail Werner,14,22,33,4,82,3
1416,Kobe Vincent,19,39,47,13,42,1
1417,Isaiah Sanchez,24,17,3,6,65,2
1418,Lexie Shea,15,48,32,20,48,2
1419,Kelton Ellison,18,8,2,13,92,1
1420,Damaris Leon,5,21,8,9,39,3
1421,Madelynn Ponce,8,50,25,13,88,7
1422,Wesley Glover,5,45,30,1,28,6
1423,Carla Middleton,12,39,34,8,35,2
1424,Roland Pollard,11,19,19,4,70,6
1425,Anna Villanueva,4,22,6,30,75,8
1426,Brett Figueroa,2,34,3,11,31,6
1427,Alvaro Bautista,10,32,15,18,80,5
1428,Presley Rich,3,25,41,25,6,5
1429,Kale Carney,24,5,10,4,85,4
1430,Oswaldo White,18,50,36,12,57,2
1431,Yandel Berger,18,38,9,18,96,1
1432,Renee Hines,15,35,33,25,71,6
1433,Lexie Estes,18,6,14,12,89,9
1434,Madison Orozco,15,30,41,3,57,5
1435,Bryce Greer,2,25,23,11,72,5
1436,Jordon Casey,13,3,1,16,88,1
1437,Darien Duffy,24,45,30,18,58,4
1438,Claire Hahn,16,33,40,25,70,4
1439,Kaydence Maynard,1,33,34,26,12,2
1440,Luciano Krause,24,20,35,1,74,6
1441,Dalia Bond,6,11,29,11,2,8
1442,Van Kelley,5,34,32,20,47,10
1443,Cailyn Holt,21,50,40,25,49,7
1444,Marco Adams,16,19,48,25,27,6
1445,Lucia Tran,2,46,32,16,16,1
1446,Aiden Hinton,13,24,4,3,32,8
1447,Jaylan Lindsey,25,47,11,18,94,8
1448,Jaiden Pennington,1,36,18,20,54,8
1449,Abagail Jefferson,11,48,31,17,49,2
1450,Kellen Jenkins,18,34,48,18,64,3
1451,Maximillian Moody,14,47,42,15,27,7
1452,Nickolas Randall,4,48,18,5,90,7
1453,Isabella Lawrence,7,32,28,19,69,4
1454,Zachery Pacheco,22,8,34,22,100,6
1455,Jovani Meadows,11,44,18,25,92,8
1456,Drake Bird,25,9,13,19,68,3
1457,Maryjane Choi,7,26,14,21,7,8
1458,Gisselle Waters,12,50,29,8,51,1
1459,Kierra Fitzgerald,9,40,11,24,78,2
1460,Magdalena Ewing,11,6,28,5,3,9
1461,Mallory Eaton,3,42,12,1,20,3
1462,Colt Hebert,23,14,11,5,15,4
1463,Weston Strickland,18,29,14,17,56,2
1464,Esmeralda Parker,16,45,48,5,94,6
1465,Tiara Burch,16,48,29,23,98,9
1466,Heath Dudley,18,44,46,13,50,4
1467,Cannon Cooper,5,24,21,30,30,3
1468,Jaylee Woods,19,16,5,28,45,8
1469,Trevin Becker,24,1,17,20,2,6
1470,Samuel Vasquez,22,2,41,12,26,4
1471,Skylar Levine,14,25,8,23,5,8
1472,Shyann Camacho,2,3,47,1,1,6
1473,Dahlia Padilla,16,22,24,30,61,2
1474,Ingrid Woodard,2,32,38,25,87,4
1475,Nikolas Torres,14,36,47,7,53,8
1476,Derek Mclaughlin,17,27,25,21,48,10
1477,Ariella Mccarty,12,10,39,10,8,4
1478,Dayana Gaines,16,24,25,22,24,8
1479,Israel Stanley,7,37,24,27,55,6
1480,Casey Padilla,24,27,32,26,60,2
1481,Porter Mccormick,16,40,20,17,3,5
1482,Amiya Stephenson,11,32,5,24,42,2
1483,Melissa Vaughan,10,23,49,29,29,9
1484,Frederick Woods,10,36,24,25,8,5
1485,Kale Cobb,18,26,26,6,20,6
1486,Marley Gardner,11,40,7,4,69,7
1487,Skyler Forbes,12,8,32,16,43,2
1488,Tessa Neal,14,48,27,5,46,3
1489,Lauren Finley,1,37,31,22,53,3
1490,Gloria Levine,9,4,42,7,59,3
1491,Kristina Scott,15,1,2,6,25,1
1492,Corey Roman,2,2,21,29,80,7
1493,Amelia Lozano,9,42,34,20,83,5
1494,Chana Fuller,20,7,5,25,66,8
1495,Brandon Potter,16,28,26,2,23,8
1496,Jalen Bowman,15,7,26,6,63,5
1497,Kaliyah Wall,20,40,24,13,6,9
1498,Julian Mcintosh,1,45,46,22,95,6
1499,Kristopher Koch,12,14,12,25,12,9
1500,Ryan Yang,7,5,12,3,99,7
1501,Sanaa Cobb,13,8,49,15,79,9
1502,Jasiah Boone,8,14,2,22,67,1
1503,Darius Perez,19,10,23,26,59,6
1504,Ayden Conway,12,6,8,6,17,7
1505,Halle Scott,5,16,14,25,67,1
1506,Dakota Mcclure,22,30,33,25,40,9
1507,Lorelai Nelson,1,31,49,15,56,6
1508,Cyrus Cameron,7,36,12,28,62,3
1509,Samuel Sparks,5,11,24,16,95,9
1510,Aurora Franklin,5,50,10,26,56,7
1511,Felicity Shaw,6,23,45,12,33,3
1512,Ashlee Zhang,10,38,8,6,29,3
1513,Cash Mcbride,22,45,10,20,60,9
1514,Kellen Fisher,4,44,31,5,1,4
1515,Kasey Murphy,21,17,39,28,33,6
1516,Camilla Reese,9,50,48,11,80,1
1517,Freddy Soto,7,49,2,7,53,4
1518,Shyla Sampson,6,31,31,6,54,6
1519,Presley Velez,18,8,8,25,2,10
1520,Aditya Bolton,2,44,45,25,4,6
1521,Brennan Parsons,14,38,24,19,83,1
1522,Eliana Burton,6,13,46,5,53,7
1523,Anna Hanna,21,38,6,26,77,10
1524,Adrianna Bishop,14,19,33,18,31,7
1525,Samara Riggs,21,29,34,21,48,9
1526,Maeve Rivers,18,20,26,18,43,8
1527,Allyson Howard,22,35,13,14,5,2
1528,Mireya Parrish,7,32,23,5,67,6
1529,Ariel Paul,9,7,17,19,55,8
1530,Leandro Sanford,15,27,25,4,92,3
1531,Ayden Wright,15,13,3,27,49,4
1532,Eduardo Terrell,15,47,47,4,62,5
1533,Brylee Hobbs,16,11,12,28,35,9
1534,Isla Diaz,12,47,11,30,36,4
1535,Marley Herring,17,38,10,20,36,7
1536,Mathew Chan,3,16,4,29,89,8
1537,Zackery Potter,1,22,30,9,81,3
1538,Deshawn Rosario,18,31,6,13,79,2
1539,Eliza Briggs,18,6,42,6,60,3
1540,Alberto Conrad,7,32,44,3,13,2
1541,Gabrielle Gutierrez,9,5,20,16,100,4
1542,Zaire Hoffman,12,18,44,4,52,9
1543,Erick Cooley,2,16,6,2,2,10
1544,Amira Kelly,14,11,11,9,30,7
1545,Lucy Eaton,21,13,17,9,4,4
1546,Martha Burton,24,12,20,3,66,7
1547,Jenny Hayes,11,50,18,7,26,1
1548,Kamron Mcknight,24,48,10,29,42,6
1549,Bentley Hart,20,13,23,18,42,2
1550,Deegan Stein,22,9,49,27,69,2
1551,Miranda Moody,10,12,24,30,1,3
1552,Erick Cannon,3,5,43,13,24,5
1553,Mylee Potts,21,13,32,17,57,10
1554,Giovanni Rich,2,1,20,2,19,5
1555,Sterling Barnes,12,23,8,1,98,3
1556,Aidan Price,12,47,46,8,83,5
1557,Romeo Pittman,6,10,11,30,34,1
1558,Reilly Johnson,11,3,49,8,31,7
1559,Janiah Brady,16,39,2,30,47,6
1560,Spencer Sandoval,11,33,34,26,24,8
1561,Max Hinton,10,23,50,7,71,10
1562,Kathryn Holder,18,30,29,18,30,3
1563,Lana Henry,18,49,9,14,22,10
1564,Hector Reyes,22,21,8,19,3,10
1565,Yaritza Henson,19,50,15,19,92,9
1566,Ximena Klein,3,50,3,11,31,9
1567,Ernest Gomez,4,40,20,27,18,8
1568,Javion Gutierrez,16,16,16,24,38,6
1569,Gracie Acosta,24,43,11,20,16,5
1570,Saul Mendoza,5,44,40,8,16,10
1571,Braelyn Howe,9,4,36,1,55,3
1572,Jaylee Andrade,7,36,34,29,25,3
1573,Cynthia Collier,3,48,42,25,98,6
1574,Peyton Bowen,16,39,1,5,96,7
1575,Marques Hopkins,14,44,25,18,15,5
1576,Tania Copeland,2,36,12,4,56,6
1577,Mylie Griffith,14,47,37,11,34,7
1578,Aarav Mitchell,9,12,13,24,88,7
1579,Gina Trujillo,4,31,28,26,78,4
1580,Aiden Humphrey,6,32,2,11,39,8
1581,Dania Baker,3,31,12,17,33,3
1582,Marcel Camacho,25,1,25,26,66,1
1583,Alexa Randall,16,17,37,26,9,4
1584,Amare Morse,11,30,31,21,31,3
1585,Trystan Ali,21,23,42,19,38,10
1586,Avery Lawson,6,22,18,16,12,5
1587,Dana Henderson,25,40,30,28,78,6
1588,Lara Freeman,25,40,50,21,57,2
1589,Kierra Dillon,10,44,34,25,39,1
1590,Rey Hobbs,6,19,21,25,96,6
1591,Moriah Mora,19,29,10,19,84,2
1592,Chad Lane,17,8,46,9,60,5
1593,Alex Kim,16,4,22,10,37,4
1594,Kylie Duarte,20,17,31,25,72,1
1595,Sadie Hughes,24,20,13,29,35,5
1596,Bobby Durham,6,32,50,16,83,6
1597,Hezekiah Escobar,4,6,26,10,82,6
1598,Jeremiah Richmond,13,37,13,9,3,2
1599,Graham Jordan,7,19,45,16,99,9
1600,Kamari Rios,14,13,2,3,48,4
1601,Shirley Krause,17,2,49,22,83,1
1602,Harper Moran,9,13,29,17,94,2
1603,Camila Dunlap,21,5,33,12,40,5
1604,Quintin Velasquez,8,22,30,17,70,6
1605,Valentino Warren,9,40,21,25,11,7
1606,Mackenzie Mata,19,29,5,2,62,2
1607,Dayami Mercado,14,24,47,9,78,6
1608,Andrew Foster,25,39,24,15,53,9
1609,Alberto Williamson,23,41,33,13,48,8
1610,Edgar Shepherd,14,3,12,16,17,1
1611,Kaylynn Vaughan,7,15,24,24,4,5
1612,Irene Francis,25,45,25,21,99,6
1613,Aria Beasley,5,18,45,1,25,8
1614,Elaine Park,20,21,22,14,74,6
1615,Boston Benitez,19,46,10,11,41,2
1616,Juan Horne,10,22,42,20,36,3
1617,Serenity Kent,2,38,21,30,92,9
1618,Santino Sampson,25,27,40,20,13,2
1619,Kody Stanton,21,47,9,15,66,9
1620,Arjun Steele,17,28,24,25,8,10
1621,Shaniya May,22,22,39,28,38,2
1622,Aryanna Cisneros,19,38,30,20,39,6
1623,Annabella Bryant,15,26,8,12,25,10
1624,Gerardo Sims,2,21,40,14,94,4
1625,Nadia Foster,13,27,24,29,34,2
1626,Keely Rollins,6,1,24,15,91,9
1627,Abel Mccoy,21,5,19,8,43,2
1628,Conner Benton,22,47,48,23,66,10
1629,Kellen Franklin,6,16,47,3,53,6
1630,Giancarlo Barry,25,19,47,1,62,4
1631,Everett Zimmerman,1,12,12,5,35,5
1632,Santiago Chavez,12,50,20,14,69,1
1633,Kenyon Mcintyre,16,18,20,25,49,9
1634,Miguel Mann,22,11,5,29,82,4
1635,Jordyn Hess,13,29,26,22,69,8
1636,Carley Carney,11,42,31,19,92,4
1637,Eliza Bowen,6,9,22,22,64,6
1638,Luca Brady,19,28,47,15,30,5
1639,Alyssa Yates,20,16,19,17,46,6
1640,Nataly Castro,13,45,23,21,94,4
1641,Matthew Harris,22,11,18,23,58,7
1642,Charlotte Gaines,9,44,48,12,43,7
1643,Makaila Mendez,3,33,48,4,49,4
1644,Kamari Park,20,12,46,20,39,3
1645,Rubi Summers,5,42,33,18,96,10
1646,Michaela Simon,7,11,18,8,2,3
1647,Keshawn Yu,14,31,15,7,22,3
1648,River Harmon,21,21,15,8,45,2
1649,Moriah Owen,24,3,35,25,94,5
1650,Geovanni Archer,13,44,31,2,43,2
1651,Jace Savage,7,29,39,1,21,7
1652,Mathias Knapp,1,2,42,24,97,2
1653,Emery Vaughan,18,41,6,30,43,5
1654,Isaias Hurst,3,6,43,20,72,1
1655,Deon Estes,1,23,42,7,76,5
1656,Fiona Perry,6,39,46,19,38,2
1657,Rubi Rowe,16,12,17,6,1,7
1658,Izayah Pace,12,11,3,4,66,7
1659,Kayla Gould,7,27,16,3,55,5
1660,Remington Peters,9,48,39,9,25,8
1661,Emmalee Torres,15,42,47,8,26,6
1662,Cannon Hunt,12,36,8,9,85,3
1663,Antwan Leach,21,50,31,29,35,8
1664,Finn Meyer,6,18,22,23,80,2
1665,Leyla Acevedo,14,12,7,15,12,4
1666,Danna Berry,21,19,45,13,65,7
1667,Amanda Lowe,23,22,40,1,18,6
1668,Camryn Bullock,12,12,38,29,4,2
1669,Quinton Ali,11,50,44,12,74,1
1670,Corbin Myers,15,44,8,22,17,9
1671,Yadira Pratt,10,9,22,22,5,6
1672,Libby Lutz,2,2,28,22,41,6
1673,Benjamin Burgess,17,45,31,12,6,3
1674,Jeffery Everett,16,44,30,26,44,10
1675,Dorian Galvan,12,11,49,16,12,3
1676,Russell Perry,8,48,45,11,91,10
1677,Amare Roman,1,19,13,18,47,6
1678,Arjun Dennis,23,29,11,16,59,5
1679,Zander Rodgers,16,46,21,25,96,7
1680,Bentley Lin,25,38,12,23,70,8
1681,Aliyah Webb,19,7,7,22,11,2
1682,Nancy Acosta,15,38,50,7,35,8
1683,Clinton Richards,13,44,11,6,35,1
1684,Bailee Hawkins,21,21,48,12,75,6
1685,Heath Orr,14,24,7,10,13,9
1686,Regina Walter,6,41,40,6,32,9
1687,Amya Dixon,25,7,42,24,12,3
1688,Zaid Wilson,1,3,50,16,45,3
1689,Lance Lowery,14,35,31,6,48,8
1690,Cristina Durham,21,19,21,4,52,8
1691,Joe Frazier,5,8,38,14,57,4
1692,Jaylin Beasley,24,25,21,10,9,3
1693,Alyssa Massey,6,46,14,29,70,10
1694,Mylie Zimmerman,1,13,14,22,65,6
1695,Madisyn Vasquez,6,11,23,19,76,4
1696,Jared Watson,2,35,45,27,58,9
1697,Melody Rios,13,3,43,8,98,9
1698,Adalynn Herrera,20,33,28,23,96,1
1699,Aldo Fowler,24,36,27,6,36,1
1700,Kolten Forbes,20,14,9,1,44,8
1701,Halle Hudson,4,1,34,18,47,7
1702,Julianna Martinez,19,25,43,6,35,8
1703,Pamela Graham,1,25,32,15,9,2
1704,Marquis Rivas,8,11,42,19,30,8
1705,Lillian Dodson,7,31,3,28,80,6
1706,Mayra Sweeney,10,36,8,18,71,7
1707,Uriel Shields,24,12,25,18,38,8
1708,Laila Pope,4,39,6,24,8,6
1709,Jamya Ortiz,19,28,46,2,83,5
1710,Dane Riggs,21,40,27,26,76,5
1711,Sammy Parker,25,4,14,12,93,8
1712,Cornelius Lester,23,32,17,7,92,9
1713,Madilyn Paul,11,38,50,24,70,8
1714,Desmond Carlson,14,22,26,30,16,5
1715,Rosa Simon,7,34,4,30,11,7
1716,Kimora Bennett,20,2,22,14,22,5
1717,Lucille Carpenter,25,27,33,3,92,9
1718,Alexandra Snow,20,49,1,14,13,5
1719,Raymond Taylor,13,10,33,2,34,4
1720,Jordin Hull,20,29,19,8,53,7
1721,Drake Collier,3,10,26,11,46,10
1722,Giovanna Li,12,40,29,23,74,6
1723,Diamond Roman,14,36,17,8,55,6
1724,Jordyn Knapp,18,7,6,6,26,7
1725,Addyson Holland,13,8,12,25,85,6
1726,Amaya Foster,16,35,30,3,89,10
1727,Elijah Richmond,14,48,6,19,79,4
1728,Romeo Salazar,6,20,46,19,17,10
1729,Nathanial Ware,17,42,21,9,24,1
1730,Jazmyn Herrera,1,1,29,23,90,8
1731,Jaidyn Duran,18,4,32,29,3,5
1732,Jacqueline Davidson,25,20,3,23,72,1
1733,Rylie Hicks,22,33,30,25,96,7
1734,Carissa Koch,17,25,4,13,11,10
1735,Addisyn Harris,15,42,25,30,65,3
1736,Virginia Wilson,6,34,44,3,12,2
1737,Fernando Buchanan,13,10,45,21,54,3
1738,Hezekiah Carlson,8,43,19,21,12,7
1739,Makenna Rojas,11,8,21,27,41,3
1740,Rebecca Reeves,20,14,40,28,79,8
1741,Brylee Roberts,24,31,3,1,95,9
1742,Bailey Rowe,7,47,25,12,81,10
1743,Lainey Mcclain,2,35,1,27,40,1
1744,Vanessa Durham,24,3,3,26,99,8
1745,Xiomara Schwartz,17,22,21,14,40,8
1746,Vaughn Riggs,1,49,39,12,61,7
1747,Wendy Hays,4,38,41,17,10,9
1748,Cody Reeves,3,42,37,22,36,3
1749,Evelyn Nixon,6,32,5,21,2,5
1750,Marissa Donovan,20,45,19,2,12,6
1751,Vaughn Odom,18,7,40,23,40,5
1752,King Flynn,15,34,45,5,2,9
1753,Matteo Meyer,2,28,15,5,90,5
1754,Shannon Ramos,3,27,4,8,78,2
1755,Tanner Lang,5,4,44,8,90,1
1756,Lucian Dean,2,19,27,22,60,6
1757,Jamar Casey,14,45,7,20,77,2
1758,Brynlee Macias,2,43,10,13,47,9
1759,Keith Berry,10,32,40,10,100,5
1760,Abbigail Small,11,2,14,28,86,2
1761,Keagan Pitts,7,50,20,8,73,2
1762,Fletcher Rodgers,8,22,32,14,98,4
1763,Thalia Farmer,21,41,17,20,92,1
1764,Jazmyn Cannon,10,15,39,10,52,5
1765,Kyra Barber,18,5,5,1,88,10
1766,Halle Johnson,24,11,11,27,48,9
1767,Kian Kerr,19,14,23,23,20,6
1768,Kennedi Terrell,11,17,17,6,93,4
1769,Dominique Goodman,13,8,5,16,47,4
1770,Russell Ellis,22,28,4,8,48,8
1771,Stephany Maddox,24,11,10,20,86,1
1772,Bruce Yang,2,15,45,15,7,2
1773,Ruth Roach,6,43,12,11,75,7
1774,Raquel Bean,12,7,1,28,97,9
1775,Kamryn Humphrey,19,42,40,29,49,7
1776,Celia Roberts,21,39,36,14,90,7
1777,Uriah Wallace,25,49,21,7,13,6
1778,Danna Calderon,20,11,33,3,51,4
1779,Abigayle Chandler,12,38,31,16,67,2
1780,Blaze Walters,12,15,43,18,57,1
1781,Madilyn York,5,22,2,27,86,3
1782,Payten Gallagher,10,25,18,19,42,8
1783,Keyla Cruz,3,27,23,15,81,7
1784,Christina Pearson,22,2,35,17,46,5
1785,Stella Gibson,23,31,13,25,28,2
1786,Willow Bell,21,5,20,11,71,10
1787,Alexander French,20,42,22,23,59,10
1788,Kash Brock,7,43,17,9,63,9
1789,Jase Conley,13,3,49,11,79,7
1790,Hadley Nichols,15,48,42,5,18,3
1791,Danika Castro,10,20,25,28,9,9
1792,Mollie Giles,9,43,46,13,65,1
1793,Amara Rose,21,39,13,26,3,8
1794,Alijah Bautista,18,15,21,7,73,6
1795,Dereon Franklin,8,22,36,6,12,5
1796,Braedon Grimes,7,17,28,30,47,7
1797,Maximillian Barrett,15,43,20,8,69,4
1798,Rihanna Barnes,6,33,47,1,44,8
1799,Tomas Mooney,3,35,48,25,35,9
1800,Miah Stewart,10,18,16,21,27,10
1801,Nylah Clark,5,11,34,4,72,5
1802,Brandon Vincent,15,15,46,21,78,3
1803,Aiden Sanchez,13,37,32,23,50,3
1804,Rayne Galvan,1,31,50,21,69,2
1805,Lilianna Abbott,24,4,36,29,28,1
1806,Kate Lynn,19,31,42,29,45,7
1807,Tate Beasley,17,50,2,18,74,6
1808,Gerardo Cox,21,34,13,2,47,1
1809,Ana Lloyd,23,16,23,24,31,7
1810,Irvin Kelley,9,43,36,22,52,3
1811,Mitchell Cooke,1,35,34,7,10,8
1812,Braxton Booth,25,9,46,16,67,10
1813,Toby Rios,15,13,31,12,62,4
1814,Riya Sims,8,41,45,25,59,4
1815,Luca Jennings,18,14,4,3,40,6
1816,Edgar Cantu,7,3,36,14,96,2
1817,Rylee Campbell,3,17,44,22,76,7
1818,Gabriel Bass,5,19,8,9,5,3
1819,Finnegan Ruiz,25,29,28,19,17,3
1820,Brayden Fitzpatrick,1,1,39,23,27,5
1821,Julianne Hutchinson,10,37,11,23,71,4
1822,Leanna Mcknight,12,30,33,7,47,5
1823,Izabella Casey,11,49,18,4,58,8
1824,Journey Haas,21,1,25,17,97,9
1825,Aliana Meadows,19,5,30,2,41,9
1826,Markus Castillo,5,28,45,16,74,6
1827,Dylan Santana,4,26,11,11,62,7
1828,Lyric Anderson,21,15,24,8,17,1
1829,Katie Carrillo,18,3,18,7,15,2
1830,Santiago Jensen,1,27,2,16,51,6
1831,Samson Huang,4,2,41,5,29,5
1832,Ainsley Proctor,17,50,17,14,68,10
1833,Jaeden Rodgers,5,7,2,4,85,7
1834,Jarrett Parks,9,12,7,18,4,7
1835,Amaya Leon,14,14,5,17,56,5
1836,Israel Knight,22,15,17,13,75,9
1837,Quinton Bolton,22,45,17,7,17,5
1838,Dominique Newman,1,3,39,11,65,1
1839,Henry Watts,4,15,37,27,53,1
1840,Taliyah Curtis,23,30,49,2,19,8
1841,Ryland Bean,4,15,10,25,77,10
1842,Ashley Vasquez,18,35,45,25,22,8
1843,Julia Walton,10,39,22,27,59,10
1844,Dahlia Singh,20,36,20,2,52,7
1845,Angelina Hensley,2,48,9,15,65,10
1846,Zayden Mitchell,2,41,6,23,33,4
1847,Monique Holder,19,45,1,12,13,2
1848,Chandler Barber,14,50,43,12,41,2
1849,Maren Mckenzie,11,47,3,19,38,10
1850,Tyree Townsend,6,8,50,14,69,7
1851,Bianca Reynolds,21,2,27,24,58,6
1852,Maddox Summers,25,6,25,10,57,8
1853,Larry Riddle,19,2,38,13,100,8
1854,Dominick Watts,20,32,16,18,17,6
1855,Miley Hood,14,19,2,29,25,9
1856,Jorge Mcpherson,20,42,36,30,74,6
1857,Jamar Stuart,14,29,48,7,96,9
1858,Ezequiel Mcconnell,22,42,37,7,35,8
1859,Julianna Mcintyre,18,34,45,16,3,8
1860,Simon Watson,11,43,4,22,76,2
1861,Sidney Ayers,4,13,31,17,52,4
1862,Emerson Holt,2,4,37,30,58,1
1863,Tania Schaefer,7,6,39,12,95,1
1864,Mariana Wilkerson,9,46,28,21,80,9
1865,Lincoln Bautista,20,39,50,22,68,5
1866,Bo Valentine,25,45,35,6,19,2
1867,Alma West,20,1,20,11,23,3
1868,Emmalee Rocha,5,31,44,5,38,3
1869,Ali Solomon,11,40,20,19,65,1
1870,Skyler Gallegos,4,19,2,9,80,4
1871,Braylon Fernandez,24,47,1,7,13,10
1872,Emilia Benton,1,9,20,30,68,3
1873,Karina Henson,9,14,26,14,80,10
1874,Madelynn Hayden,22,15,31,30,30,10
1875,Teagan Stark,7,13,34,29,42,9
1876,Titus Baker,7,4,46,13,91,7
1877,Eddie Jackson,10,33,26,21,38,4
1878,Chloe Shea,8,26,40,24,92,3
1879,Giuliana Luna,5,34,26,18,1,3
1880,Preston Rivers,17,49,4,14,6,5
1881,Milo Collins,13,37,36,28,82,5
1882,Kaeden Montgomery,22,40,20,14,22,6
1883,River Waller,8,12,7,21,94,9
1884,Natalie Mora,2,46,30,22,51,4
1885,Keith Noble,7,19,33,16,81,5
1886,Emmett Reeves,12,1,5,22,38,10
1887,Mohammed Hughes,14,22,10,9,58,6
1888,Damarion Blankenship,11,12,8,14,65,3
1889,Darius Levy,6,3,6,8,39,7
1890,Marilyn Dunlap,22,16,5,26,31,3
1891,Alissa Gonzales,3,17,49,30,59,7
1892,Karissa Mora,19,35,34,21,67,5
1893,Marley Terrell,11,23,47,16,39,4
1894,Melany Bullock,14,5,10,20,90,5
1895,Konnor Burnett,21,6,32,8,63,2
1896,Jaylen Cooley,5,12,4,11,35,7
1897,Haylie Mayo,9,31,20,1,94,8
1898,London Rangel,9,10,24,27,100,10
1899,Deven Kim,16,2,27,3,13,5
1900,Trace Barron,17,44,50,9,1,2
1901,Brenden Clark,25,36,41,6,75,6
1902,Carsen Wright,18,12,19,7,82,3
1903,Alvin Yoder,17,32,24,3,98,5
1904,Bruce Greene,15,5,28,9,59,6
1905,Jamie Pollard,20,40,8,9,68,4
1906,Chaz Flowers,9,24,4,21,31,5
1907,Elle Stanley,7,31,48,8,60,3
1908,Darius Saunders,21,8,23,9,28,4
1909,Ralph Day,10,49,44,26,89,9
1910,Kathryn Nguyen,20,46,24,28,48,2
1911,Haley Espinoza,18,15,28,10,99,8
1912,Phoenix Cantu,14,8,19,30,86,8
1913,Gretchen Smith,6,39,29,25,22,9
1914,Hanna Preston,15,45,28,16,85,7
1915,Jamison Hodge,14,3,28,20,36,2
1916,Dario Huffman,7,47,24,21,34,1
1917,Cheyanne Miles,20,39,40,8,29,7
1918,Jorden Sawyer,5,5,9,1,93,7
1919,Jaqueline Johns,24,45,29,7,22,9
1920,Xzavier Farrell,10,33,49,30,89,5
1921,Beatrice Riddle,2,16,10,18,90,3
1922,Karma Mckenzie,24,25,5,14,53,4
1923,Payton Mosley,11,3,16,5,90,10
1924,Gabriella Glenn,23,5,35,10,84,9
1925,Adalynn Winters,16,4,10,18,9,4
1926,Makayla Pham,18,50,34,13,31,3
1927,Lailah Farrell,4,26,27,14,53,1
1928,Marco Rocha,9,30,21,10,45,1
1929,Aubrie Dean,3,31,50,27,53,5
1930,Reagan Callahan,19,22,43,14,28,2
1931,Avah Snyder,7,50,14,23,33,8
1932,Nora Grimes,7,36,18,21,15,6
1933,Jonathon Bennett,4,4,44,17,81,1
1934,Luke May,20,17,28,30,79,3
1935,Isai Hahn,22,46,23,10,5,2
1936,Kelsie Cruz,23,9,43,18,44,10
1937,Israel Ingram,18,11,49,1,36,6
1938,Anna Cooley,20,23,45,30,63,10
1939,Darius Mooney,19,35,43,20,69,8
1940,Neveah Guerra,23,26,24,19,48,10
1941,Addison Gould,10,13,36,16,75,1
1942,Conrad Cervantes,21,26,28,13,49,10
1943,Jameson Cochran,24,8,18,13,9,9
1944,Finn Fuentes,15,32,22,6,19,6
1945,Ashanti Owen,11,47,34,17,62,8
1946,Cornelius Leblanc,22,49,6,3,64,7
1947,Isaac Sandoval,25,22,47,30,12,9
1948,Kyleigh Roberson,24,18,49,6,23,3
1949,Leslie Collins,21,23,9,15,9,3
1950,Isis Galvan,23,12,29,16,75,3
1951,Dylan Hartman,2,34,27,17,96,1
1952,Simeon Steele,21,47,49,30,45,5
1953,Kristopher Mcdowell,6,32,45,29,4,2
1954,Ricardo Romero,16,19,22,17,25,5
1955,Leonel Franco,4,27,15,6,24,8
1956,Camilla Mitchell,14,25,29,24,34,7
1957,Macy Buchanan,9,2,17,12,33,6
1958,Lailah Washington,5,4,22,5,60,5
1959,Kennedi Delacruz,24,11,46,21,53,2
1960,Bronson Ali,24,7,25,21,95,9
1961,Alana Flowers,7,6,10,6,32,8
1962,Markus Goodman,11,18,45,5,83,5
1963,Camryn Ramsey,15,11,39,30,72,3
1964,Jonas Mcclain,2,37,50,5,95,1
1965,Shawn Ortiz,2,10,31,30,69,10
1966,Elisabeth Ramos,13,29,46,7,50,7
1967,Giovanna Parks,24,40,40,30,68,4
1968,Alina Cox,19,46,24,19,57,7
1969,Bruce Hurley,7,13,50,22,37,9
1970,Dulce Hall,4,20,32,7,35,9
1971,Cristina Boyer,6,17,30,18,46,6
1972,Kale Park,10,27,41,17,57,10
1973,Muhammad Cruz,20,50,4,6,5,5
1974,Angelique Guerra,23,24,34,27,37,3
1975,Martha Trevino,8,23,28,1,65,1
1976,Payton Mueller,23,26,5,15,58,2
1977,Keegan Cooper,13,38,44,10,83,4
1978,Lindsay Barker,2,39,14,22,32,3
1979,Amara Clayton,8,36,39,19,34,2
1980,Gilbert Liu,24,41,29,10,18,9
1981,Lilliana Frank,10,10,38,10,67,9
1982,Jalen Boyer,24,38,32,18,25,2
1983,Juliana Holder,12,4,13,22,71,8
1984,Savanna Conrad,2,25,8,24,62,2
1985,Alvaro Blevins,9,39,36,18,11,10
1986,Neveah Mcgrath,2,30,43,3,18,5
1987,Jaylon Pennington,16,35,30,15,29,3
1988,Angelina Clements,10,24,48,27,99,9
1989,Brenton Holland,1,10,23,21,65,3
1990,Clay Lozano,9,2,17,22,48,9
1991,Deanna Hoover,12,17,45,27,43,9
1992,Lukas Hester,7,36,23,23,66,2
1993,Dominick Wolfe,5,42,38,3,12,10
1994,Jamarcus Barajas,15,37,6,30,59,2
1995,Maria Beltran,22,6,10,30,32,5
1996,Pablo Banks,6,26,31,8,91,1
1997,Phoebe Fuller,20,29,40,3,61,10
1998,Victoria Juarez,2,1,32,2,33,2
1999,Donte Morton,8,24,2,29,83,4
2000,Konner Cantu,1,27,11,14,55,7
,,,,,,,
,,,,,,,
,,,,,,,
,,,,,,,
,,,,,,,
,,,,,,,
,,,,,,,
,,,,,,,
,,,,,,,
,,,,,,,
,,,,,,,
,,,,,,,
,,,,,,,
,,,,,,,
,,,,,,,
,,,,,,,
,,,,,,,
,,,,,,,
,,,,,,,
,,,,,,,
,,,,,,,
,,,,,,,
,,,,,,,
,,,,,,,
,,,,,,,
,,,,,,,
,,,,,,,
,,,,,,,
,,,,,,,
,,,,,,,
,,,,,,,
,,,,,,,
,,,,,,,
,,,,,,,
,,,,,,,
,,,,,,,
,,,,,,,
,,,,,,,
,,,,,,,
,,,,,,,
,,,,,,,
,,,,,,,
,,,,,,,
,,,,,,,
,,,,,,,
,,,,,,,
,,,,,,,
,,,,,,,
,,,,,,,
,,,,,,,
,,,,,,,
,,,,,,,
,,,,,,,
,,,,,,,
,,,,,,,
,,,,,,,
,,,,,,,
,,,,,,,
,,,,,,,
,,,,,,,
,,,,,,,
,,,,,,,
,,,,,,,
,,,,,,,
,,,,,,,
,,,,,,,
,,,,,,,
,,,,,,,
,,,,,,,
,,,,,,,
,,,,,,,
,,,,,,,
,,,,,,,
,,,,,,,
,,,,,,,
,,,,,,,
,,,,,,,
,,,,,,,
,,,,,,,
,,,,,,,
,,,,,,,
,,,,,,,
,,,,,,,
,,,,,,,
,,,,,,,
,,,,,,,
,,,,,,,
,,,,,,,
,,,,,,,
,,,,,,,
,,,,,,,
,,,,,,,
,,,,,,,
,,,,,,,
,,,,,,,
,,,,,,,
,,,,,,,
,,,,,,,
,,,,,,,
,,,,,,,
,,,,,,,
,,,,,,,
,,,,,,,
,,,,,,,
,,,,,,,
,,,,,,,
,,,,,,,
,,,,,,,
,,,,,,,
,,,,,,,
,,,,,,,
,,,,,,,
,,,,,,,
,,,,,,,
,,,,,,,
,,,,,,,
,,,,,,,
,,,,,,,
,,,,,,,
,,,,,,,
,,,,,,,
,,,,,,,
,,,,,,,
,,,,,,,
,,,,,,,
,,,,,,,
,,,,,,,
,,,,,,,
,,,,,,,
,,,,,,,
,,,,,,,
,,,,,,,
,,,,,,,
,,,,,,,
,,,,,,,
,,,,,,,
,,,,,,,
,,,,,,,
,,,,,,,
,,,,,,,
,,,,,,,
,,,,,,,
,,,,,,,
,,,,,,,
,,,,,,,
,,,,,,,
,,,,,,,
,,,,,,,
,,,,,,,
,,,,,,,
,,,,,,,
,,,,,,,
,,,,,,,
,,,,,,,
,,,,,,,
,,,,,,,
,,,,,,,
,,,,,,,
,,,,,,,
,,,,,,,
,,,,,,,
,,,,,,,
,,,,,,,
,,,,,,,
,,,,,,,
,,,,,,,
,,,,,,,
,,,,,,,
,,,,,,,
,,,,,,,
,,,,,,,
,,,,,,,
,,,,,,,
,,,,,,,
,,,,,,,
,,,,,,,
,,,,,,,
,,,,,,,
,,,,,,,
,,,,,,,
,,,,,,,
,,,,,,,
,,,,,,,
,,,,,,,
,,,,,,,
,,,,,,,
,,,,,,,
,,,,,,,
,,,,,,,
,,,,,,,
,,,,,,,
,,,,,,,
,,,,,,,
,,,,,,,
,,,,,,,
,,,,,,,
,,,,,,,
,,,,,,,
,,,,,,,
,,,,,,,
,,,,,,,
,,,,,,,
,,,,,,,
,,,,,,,
,,,,,,,
,,,,,,,
,,,,,,,
,,,,,,,
,,,,,,,
,,,,,,,
,,,,,,,
,,,,,,,
,,,,,,,
,,,,,,,
,,,,,,,
,,,,,,,
,,,,,,,
,,,,,,,
,,,,,,,
,,,,,,,
,,,,,,,
,,,,,,,
,,,,,,,
,,,,,,,
,,,,,,,
,,,,,,,
,,,,,,,
,,,,,,,
,,,,,,,
,,,,,,,
,,,,,,,
,,,,,,,
,,,,,,,
,,,,,,,
,,,,,,,
,,,,,,,
,,,,,,,
,,,,,,,
,,,,,,,
,,,,,,,
,,,,,,,
,,,,,,,
,,,,,,,
,,,,,,,
,,,,,,,
,,,,,,,
,,,,,,,
,,,,,,,
,,,,,,,
,,,,,,,
,,,,,,,
,,,,,,,
,,,,,,,
,,,,,,,
,,,,,,,
,,,,,,,
,,,,,,,
,,,,,,,
,,,,,,,
,,,,,,,
,,,,,,,
,,,,,,,
,,,,,,,
,,,,,,,
,,,,,,,
,,,,,,,
,,,,,,,
,,,,,,,
,,,,,,,
,,,,,,,
,,,,,,,
,,,,,,,
,,,,,,,
,,,,,,,
,,,,,,,
,,,,,,,
,,,,,,,
,,,,,,,
,,,,,,,
,,,,,,,
,,,,,,,
,,,,,,,
,,,,,,,
,,,,,,,
,,,,,,,
,,,,,,,
,,,,,,,
